episode,steps,return
1,200,-506.0
2,200,-641.0
3,200,-542.0
4,200,-533.0
5,200,-596.0
6,200,-578.0
7,200,-569.0
8,200,-488.0
9,200,-515.0
10,200,-551.0
11,200,-560.0
12,200,-443.0
13,200,-398.0
14,200,-605.0
15,200,-569.0
16,200,-524.0
17,200,-380.0
18,200,-326.0
19,200,-515.0
20,200,-515.0
21,200,-524.0
22,200,-515.0
23,200,-434.0
24,200,-659.0
25,200,-425.0
26,200,-443.0
27,200,-371.0
28,200,-380.0
29,200,-506.0
30,200,-308.0
31,200,-614.0
32,200,-416.0
33,200,-398.0
34,200,-353.0
35,200,-371.0
36,200,-461.0
37,200,-587.0
38,200,-434.0
39,171,-240.0
40,200,-506.0
41,200,-380.0
42,200,-560.0
43,200,-434.0
44,11,10.0
45,200,-389.0
46,90,-123.0
47,165,-261.0
48,200,-398.0
49,200,-371.0
50,200,-416.0
51,52,-139.0
52,200,-452.0
53,200,-443.0
54,200,-317.0
55,200,-488.0
56,200,-389.0
57,147,-333.0
58,200,-380.0
59,200,-407.0
60,200,-461.0
61,200,-425.0
62,200,-533.0
63,200,-353.0
64,200,-290.0
65,200,-308.0
66,200,-389.0
67,200,-452.0
68,200,-371.0
69,200,-461.0
70,77,-155.0
71,200,-326.0
72,200,-371.0
73,200,-425.0
74,200,-389.0
75,22,-28.0
76,200,-299.0
77,200,-434.0
78,200,-425.0
79,200,-443.0
80,200,-344.0
81,200,-434.0
82,200,-380.0
83,200,-389.0
84,200,-380.0
85,200,-326.0
86,109,-178.0
87,200,-461.0
88,200,-353.0
89,200,-362.0
90,200,-407.0
91,200,-380.0
92,200,-362.0
93,200,-326.0
94,200,-371.0
95,200,-335.0
96,200,-407.0
97,200,-434.0
98,200,-335.0
99,140,-254.0
100,200,-326.0
101,200,-443.0
102,200,-416.0
103,200,-344.0
104,200,-380.0
105,200,-407.0
106,200,-398.0
107,200,-407.0
108,184,-370.0
109,200,-344.0
110,200,-362.0
111,200,-371.0
112,200,-371.0
113,200,-425.0
114,200,-398.0
115,200,-380.0
116,116,-185.0
117,200,-389.0
118,200,-344.0
119,200,-371.0
120,200,-452.0
121,200,-362.0
122,200,-443.0
123,200,-362.0
124,200,-362.0
125,200,-389.0
126,200,-344.0
127,200,-371.0
128,200,-317.0
129,200,-434.0
130,200,-371.0
131,200,-389.0
132,200,-326.0
133,200,-407.0
134,200,-353.0
135,200,-371.0
136,200,-407.0
137,200,-362.0
138,200,-317.0
139,200,-434.0
140,200,-371.0
141,200,-353.0
142,161,-239.0
143,200,-353.0
144,200,-425.0
145,200,-371.0
146,200,-443.0
147,200,-371.0
148,200,-416.0
149,200,-353.0
150,200,-443.0
151,200,-380.0
152,200,-335.0
153,200,-389.0
154,29,-35.0
155,200,-416.0
156,200,-371.0
157,200,-479.0
158,200,-353.0
159,200,-362.0
160,200,-461.0
161,200,-380.0
162,200,-416.0
163,200,-362.0
164,200,-335.0
165,200,-398.0
166,200,-353.0
167,155,-242.0
168,200,-353.0
169,200,-398.0
170,200,-344.0
171,200,-371.0
172,200,-353.0
173,88,-121.0
174,200,-362.0
175,200,-407.0
176,200,-461.0
177,200,-425.0
178,200,-353.0
179,200,-380.0
180,200,-380.0
181,200,-371.0
182,200,-380.0
183,200,-353.0
184,200,-326.0
185,200,-371.0
186,200,-398.0
187,200,-380.0
188,200,-371.0
189,200,-380.0
190,200,-353.0
191,58,-55.0
192,200,-434.0
193,200,-434.0
194,200,-398.0
195,200,-335.0
196,200,-398.0
197,121,-163.0
198,200,-443.0
199,200,-371.0
200,200,-407.0
201,200,-362.0
202,200,-425.0
203,200,-353.0
204,200,-380.0
205,200,-389.0
206,200,-326.0
207,200,-380.0
208,200,-371.0
209,119,-206.0
210,200,-371.0
211,200,-344.0
212,200,-344.0
213,200,-416.0
214,200,-416.0
215,200,-380.0
216,200,-353.0
217,200,-389.0
218,200,-326.0
219,79,-103.0
220,200,-398.0
221,134,-194.0
222,128,-224.0
223,200,-416.0
224,200,-362.0
225,200,-353.0
226,200,-344.0
227,200,-389.0
228,200,-416.0
229,200,-362.0
230,200,-452.0
231,200,-326.0
232,200,-371.0
233,200,-380.0
234,200,-389.0
235,8,13.0
236,200,-425.0
237,200,-353.0
238,200,-317.0
239,200,-380.0
240,200,-416.0
241,200,-317.0
242,200,-380.0
243,200,-389.0
244,200,-389.0
245,200,-299.0
246,200,-371.0
247,200,-398.0
248,200,-380.0
249,200,-416.0
250,140,-209.0
251,200,-362.0
252,200,-380.0
253,200,-389.0
254,200,-299.0
255,200,-398.0
256,200,-407.0
257,200,-389.0
258,197,-329.0
259,200,-407.0
260,172,-259.0
261,200,-308.0
262,200,-317.0
263,200,-407.0
264,156,-261.0
265,200,-398.0
266,200,-380.0
267,200,-254.0
268,200,-353.0
269,200,-407.0
270,200,-425.0
271,200,-362.0
272,200,-452.0
273,200,-398.0
274,200,-380.0
275,74,-134.0
276,200,-425.0
277,68,-92.0
278,200,-353.0
279,200,-389.0
280,56,-53.0
281,200,-299.0
282,200,-389.0
283,200,-371.0
284,200,-362.0
285,200,-380.0
286,200,-344.0
287,200,-371.0
288,200,-344.0
289,200,-389.0
290,37,-43.0
291,200,-308.0
292,200,-398.0
293,200,-353.0
294,200,-434.0
295,200,-344.0
296,200,-389.0
297,200,-362.0
298,155,-287.0
299,200,-362.0
300,200,-371.0
301,200,-398.0
302,200,-362.0
303,200,-389.0
304,200,-371.0
305,200,-371.0
306,49,-73.0
307,200,-299.0
308,200,-434.0
309,200,-371.0
310,112,-208.0
311,200,-425.0
312,200,-434.0
313,200,-362.0
314,200,-317.0
315,200,-434.0
316,200,-407.0
317,200,-299.0
318,200,-308.0
319,200,-335.0
320,200,-371.0
321,198,-393.0
322,200,-308.0
323,200,-380.0
324,200,-407.0
325,200,-362.0
326,200,-362.0
327,200,-326.0
328,200,-389.0
329,200,-407.0
330,200,-371.0
331,200,-353.0
332,200,-380.0
333,200,-380.0
334,200,-407.0
335,200,-362.0
336,200,-389.0
337,172,-214.0
338,200,-335.0
339,88,-148.0
340,200,-389.0
341,93,-162.0
342,200,-362.0
343,200,-344.0
344,200,-389.0
345,200,-362.0
346,116,-185.0
347,200,-389.0
348,168,-291.0
349,200,-317.0
350,200,-344.0
351,200,-389.0
352,200,-362.0
353,24,-12.0
354,200,-380.0
355,200,-344.0
356,200,-344.0
357,200,-371.0
358,200,-407.0
359,200,-326.0
360,200,-362.0
361,200,-371.0
362,200,-335.0
363,83,-125.0
364,200,-344.0
365,200,-353.0
366,200,-335.0
367,200,-371.0
368,200,-380.0
369,169,-247.0
370,200,-416.0
371,200,-398.0
372,108,-186.0
373,200,-398.0
374,200,-380.0
375,26,-41.0
376,200,-380.0
377,200,-407.0
378,200,-371.0
379,69,-102.0
380,200,-371.0
381,200,-308.0
382,200,-326.0
383,200,-344.0
384,200,-398.0
385,200,-407.0
386,200,-371.0
387,200,-398.0
388,179,-284.0
389,200,-452.0
390,200,-344.0
391,85,-109.0
392,200,-407.0
393,200,-335.0
394,200,-416.0
395,112,-208.0
396,50,-56.0
397,200,-380.0
398,200,-371.0
399,200,-443.0
400,46,-70.0
401,200,-380.0
402,200,-353.0
403,200,-335.0
404,200,-416.0
405,200,-407.0
406,200,-335.0
407,200,-389.0
408,200,-344.0
409,200,-407.0
410,200,-380.0
411,200,-497.0
412,200,-362.0
413,200,-407.0
414,200,-362.0
415,200,-407.0
416,200,-371.0
417,200,-344.0
418,200,-380.0
419,200,-344.0
420,200,-371.0
421,200,-335.0
422,200,-326.0
423,200,-389.0
424,200,-344.0
425,200,-452.0
426,135,-213.0
427,14,7.0
428,200,-353.0
429,168,-345.0
430,200,-317.0
431,200,-353.0
432,200,-371.0
433,200,-380.0
434,200,-326.0
435,64,-115.0
436,200,-389.0
437,200,-326.0
438,174,-369.0
439,200,-344.0
440,155,-287.0
441,200,-389.0
442,200,-371.0
443,200,-380.0
444,200,-371.0
445,200,-335.0
446,200,-398.0
447,200,-407.0
448,200,-344.0
449,200,-380.0
450,200,-398.0
451,200,-335.0
452,200,-398.0
453,200,-389.0
454,200,-362.0
455,132,-228.0
456,200,-380.0
457,101,-125.0
458,159,-273.0
459,200,-353.0
460,43,-67.0
461,200,-434.0
462,200,-407.0
463,200,-326.0
464,200,-434.0
465,200,-389.0
466,200,-326.0
467,200,-443.0
468,200,-371.0
469,147,-306.0
470,200,-299.0
471,97,-157.0
472,200,-452.0
473,200,-389.0
474,200,-254.0
475,200,-380.0
476,200,-344.0
477,200,-371.0
478,200,-353.0
479,200,-407.0
480,200,-344.0
481,200,-416.0
482,200,-335.0
483,188,-284.0
484,200,-371.0
485,200,-362.0
486,200,-353.0
487,200,-326.0
488,200,-425.0
489,200,-353.0
490,200,-461.0
491,200,-371.0
492,160,-292.0
493,200,-407.0
494,200,-335.0
495,111,-198.0
496,200,-344.0
497,200,-398.0
498,200,-380.0
499,132,-165.0
500,200,-407.0
501,200,-326.0
502,200,-335.0
503,200,-425.0
504,200,-407.0
505,200,-371.0
506,71,-104.0
507,200,-371.0
508,147,-243.0
509,200,-344.0
510,200,-362.0
511,200,-353.0
512,200,-398.0
513,200,-371.0
514,200,-353.0
515,154,-268.0
516,200,-461.0
517,200,-443.0
518,200,-362.0
519,200,-380.0
520,79,-130.0
521,200,-389.0
522,200,-335.0
523,200,-362.0
524,200,-407.0
525,200,-335.0
526,200,-425.0
527,200,-425.0
528,113,-164.0
529,200,-416.0
530,199,-394.0
531,200,-335.0
532,200,-389.0
533,200,-380.0
534,200,-317.0
535,200,-416.0
536,200,-362.0
537,33,-39.0
538,200,-452.0
539,200,-389.0
540,200,-371.0
541,200,-317.0
542,200,-398.0
543,200,-362.0
544,200,-371.0
545,114,-210.0
546,111,-180.0
547,200,-317.0
548,169,-292.0
549,200,-416.0
550,200,-362.0
551,200,-380.0
552,161,-365.0
553,200,-353.0
554,200,-353.0
555,146,-224.0
556,63,-69.0
557,200,-389.0
558,200,-407.0
559,200,-299.0
560,200,-317.0
561,200,-425.0
562,200,-344.0
563,200,-470.0
564,200,-335.0
565,200,-398.0
566,200,-380.0
567,164,-305.0
568,200,-407.0
569,200,-371.0
570,200,-407.0
571,200,-335.0
572,200,-353.0
573,200,-326.0
574,70,-112.0
575,200,-326.0
576,200,-326.0
577,171,-321.0
578,200,-389.0
579,200,-380.0
580,119,-224.0
581,200,-443.0
582,200,-344.0
583,200,-398.0
584,200,-398.0
585,200,-362.0
586,200,-479.0
587,93,-126.0
588,95,-182.0
589,200,-398.0
590,200,-425.0
591,200,-389.0
592,200,-380.0
593,200,-290.0
594,200,-443.0
595,200,-389.0
596,83,-152.0
597,200,-362.0
598,200,-407.0
599,98,-185.0
600,200,-434.0
601,200,-335.0
602,126,-240.0
603,200,-398.0
604,200,-362.0
605,200,-362.0
606,200,-407.0
607,158,-308.0
608,200,-425.0
609,200,-389.0
610,200,-389.0
611,200,-371.0
612,200,-380.0
613,200,-434.0
614,200,-380.0
615,126,-204.0
616,200,-290.0
617,39,-45.0
618,200,-380.0
619,200,-407.0
620,200,-398.0
621,200,-326.0
622,200,-398.0
623,69,-93.0
624,200,-443.0
625,200,-434.0
626,200,-290.0
627,200,-371.0
628,200,-344.0
629,200,-353.0
630,200,-335.0
631,67,-91.0
632,115,-211.0
633,200,-407.0
634,200,-416.0
635,200,-416.0
636,200,-434.0
637,200,-389.0
638,88,-112.0
639,200,-380.0
640,169,-355.0
641,187,-319.0
642,200,-353.0
643,77,-74.0
644,200,-425.0
645,200,-389.0
646,200,-389.0
647,103,-181.0
648,59,-101.0
649,200,-398.0
650,200,-353.0
651,200,-380.0
652,200,-380.0
653,200,-362.0
654,200,-380.0
655,200,-398.0
656,200,-398.0
657,200,-389.0
658,194,-335.0
659,200,-398.0
660,200,-380.0
661,200,-416.0
662,56,-71.0
663,200,-443.0
664,200,-380.0
665,174,-306.0
666,200,-416.0
667,200,-389.0
668,200,-416.0
669,200,-344.0
670,200,-326.0
671,189,-339.0
672,200,-398.0
673,200,-335.0
674,200,-398.0
675,200,-326.0
676,200,-335.0
677,200,-362.0
678,200,-398.0
679,200,-470.0
680,200,-389.0
681,200,-443.0
682,200,-335.0
683,200,-371.0
684,164,-251.0
685,156,-270.0
686,200,-425.0
687,200,-344.0
688,136,-259.0
689,200,-317.0
690,200,-353.0
691,117,-186.0
692,200,-326.0
693,200,-317.0
694,200,-434.0
695,200,-416.0
696,200,-371.0
697,123,-201.0
698,200,-335.0
699,138,-180.0
700,200,-452.0
701,200,-380.0
702,200,-353.0
703,50,-92.0
704,200,-380.0
705,200,-344.0
706,119,-170.0
707,133,-247.0
708,200,-362.0
709,200,-380.0
710,200,-389.0
711,200,-326.0
712,200,-461.0
713,200,-332.0
714,200,-353.0
715,200,-398.0
716,200,-371.0
717,200,-353.0
718,200,-344.0
719,200,-416.0
720,184,-406.0
721,200,-263.0
722,103,-127.0
723,200,-479.0
724,200,-398.0
725,200,-398.0
726,127,-196.0
727,200,-335.0
728,200,-335.0
729,200,-371.0
730,200,-335.0
731,200,-353.0
732,200,-362.0
733,59,-101.0
734,200,-344.0
735,200,-362.0
736,81,-114.0
737,200,-407.0
738,172,-295.0
739,200,-344.0
740,200,-380.0
741,200,-362.0
742,200,-299.0
743,136,-214.0
744,196,-319.0
745,200,-326.0
746,200,-380.0
747,200,-344.0
748,200,-362.0
749,145,-232.0
750,200,-371.0
751,200,-380.0
752,200,-371.0
753,200,-353.0
754,200,-308.0
755,200,-443.0
756,30,-9.0
757,200,-353.0
758,200,-371.0
759,176,-380.0
760,200,-362.0
761,200,-380.0
762,44,-59.0
763,200,-344.0
764,200,-344.0
765,200,-407.0
766,127,-142.0
767,200,-380.0
768,200,-335.0
769,200,-371.0
770,200,-380.0
771,200,-389.0
772,172,-259.0
773,200,-371.0
774,200,-353.0
775,200,-371.0
776,200,-398.0
777,148,-253.0
778,122,-227.0
779,200,-380.0
780,200,-398.0
781,200,-425.0
782,200,-353.0
783,200,-425.0
784,200,-380.0
785,200,-434.0
786,200,-362.0
787,200,-362.0
788,200,-326.0
789,200,-398.0
790,77,-128.0
791,145,-250.0
792,200,-335.0
793,147,-216.0
794,200,-407.0
795,200,-398.0
796,199,-385.0
797,129,-180.0
798,200,-488.0
799,200,-371.0
800,183,-441.0
801,200,-353.0
802,200,-416.0
803,200,-371.0
804,200,-290.0
805,129,-243.0
806,200,-353.0
807,200,-389.0
808,200,-380.0
809,200,-362.0
810,88,-103.0
811,200,-362.0
812,200,-389.0
813,200,-353.0
814,200,-425.0
815,200,-362.0
816,200,-416.0
817,200,-326.0
818,200,-398.0
819,144,-222.0
820,200,-416.0
821,200,-407.0
822,200,-326.0
823,200,-425.0
824,191,-359.0
825,152,-221.0
826,200,-416.0
827,134,-239.0
828,108,-222.0
829,200,-398.0
830,130,-199.0
831,200,-470.0
832,200,-344.0
833,200,-335.0
834,200,-362.0
835,200,-362.0
836,200,-380.0
837,26,-41.0
838,67,-118.0
839,200,-308.0
840,200,-353.0
841,200,-380.0
842,145,-277.0
843,200,-425.0
844,200,-443.0
845,83,-107.0
846,200,-380.0
847,200,-371.0
848,200,-326.0
849,200,-488.0
850,200,-371.0
851,200,-380.0
852,200,-407.0
853,200,-299.0
854,200,-425.0
855,200,-326.0
856,200,-416.0
857,200,-317.0
858,200,-389.0
859,97,-112.0
860,200,-308.0
861,100,-142.0
862,137,-260.0
863,200,-344.0
864,183,-324.0
865,81,-132.0
866,200,-461.0
867,200,-434.0
868,200,-380.0
869,200,-317.0
870,200,-371.0
871,91,-187.0
872,200,-398.0
873,200,-317.0
874,117,-168.0
875,200,-344.0
876,122,-209.0
877,200,-326.0
878,200,-326.0
879,200,-380.0
880,200,-371.0
881,200,-344.0
882,200,-425.0
883,61,-85.0
884,136,-232.0
885,172,-268.0
886,200,-371.0
887,73,-88.0
888,200,-362.0
889,200,-398.0
890,200,-380.0
891,200,-380.0
892,200,-362.0
893,161,-329.0
894,200,-326.0
895,200,-353.0
896,200,-353.0
897,154,-286.0
898,14,-11.0
899,200,-344.0
900,52,-58.0
901,200,-452.0
902,200,-380.0
903,200,-362.0
904,112,-181.0
905,200,-362.0
906,133,-229.0
907,200,-380.0
908,200,-308.0
909,200,-317.0
910,200,-353.0
911,200,-398.0
912,200,-362.0
913,115,-202.0
914,178,-310.0
915,200,-353.0
916,200,-353.0
917,85,-154.0
918,200,-389.0
919,200,-335.0
920,200,-371.0
921,200,-416.0
922,200,-344.0
923,44,-59.0
924,131,-263.0
925,200,-398.0
926,152,-239.0
927,149,-308.0
928,200,-362.0
929,200,-335.0
930,200,-398.0
931,200,-371.0
932,43,-40.0
933,200,-407.0
934,200,-380.0
935,200,-362.0
936,200,-371.0
937,100,-124.0
938,200,-380.0
939,200,-452.0
940,200,-353.0
941,126,-204.0
942,33,-30.0
943,200,-308.0
944,33,-21.0
945,185,-326.0
946,200,-344.0
947,200,-380.0
948,200,-362.0
949,200,-407.0
950,200,-380.0
951,200,-308.0
952,65,-125.0
953,200,-317.0
954,200,-353.0
955,174,-270.0
956,200,-335.0
957,76,-172.0
958,200,-371.0
959,200,-398.0
960,200,-371.0
961,200,-335.0
962,200,-371.0
963,192,-297.0
964,200,-299.0
965,130,-226.0
966,200,-371.0
967,200,-326.0
968,200,-398.0
969,90,-78.0
970,200,-380.0
971,200,-353.0
972,200,-353.0
973,200,-425.0
974,181,-295.0
975,200,-479.0
976,200,-389.0
977,200,-389.0
978,200,-290.0
979,200,-344.0
980,200,-344.0
981,200,-380.0
982,14,-2.0
983,82,-133.0
984,8,13.0
985,200,-398.0
986,200,-416.0
987,200,-326.0
988,200,-362.0
989,200,-479.0
990,152,-230.0
991,200,-371.0
992,107,-203.0
993,200,-353.0
994,200,-344.0
995,176,-209.0
996,200,-488.0
997,200,-371.0
998,200,-416.0
999,200,-416.0
1000,122,-200.0
1001,200,-371.0
1002,122,-182.0
1003,200,-353.0
1004,200,-407.0
1005,200,-335.0
1006,133,-247.0
1007,200,-380.0
1008,71,-95.0
1009,188,-365.0
1010,150,-291.0
1011,200,-398.0
1012,200,-389.0
1013,200,-299.0
1014,200,-362.0
1015,200,-362.0
1016,106,-166.0
1017,11,1.0
1018,200,-362.0
1019,200,-326.0
1020,200,-398.0
1021,200,-362.0
1022,79,-76.0
1023,135,-258.0
1024,54,-42.0
1025,200,-380.0
1026,200,-389.0
1027,200,-362.0
1028,64,-70.0
1029,200,-326.0
1030,200,-362.0
1031,200,-380.0
1032,200,-380.0
1033,39,-81.0
1034,200,-362.0
1035,200,-398.0
1036,135,-240.0
1037,200,-362.0
1038,200,-416.0
1039,200,-335.0
1040,92,-143.0
1041,200,-398.0
1042,163,-286.0
1043,200,-389.0
1044,101,-161.0
1045,200,-398.0
1046,200,-398.0
1047,151,-220.0
1048,200,-362.0
1049,200,-461.0
1050,200,-407.0
1051,200,-326.0
1052,200,-353.0
1053,200,-380.0
1054,74,-80.0
1055,200,-362.0
1056,193,-307.0
1057,200,-398.0
1058,81,-132.0
1059,103,-190.0
1060,157,-280.0
1061,200,-398.0
1062,200,-317.0
1063,200,-416.0
1064,200,-326.0
1065,200,-425.0
1066,194,-353.0
1067,200,-398.0
1068,200,-371.0
1069,200,-335.0
1070,173,-314.0
1071,200,-380.0
1072,200,-344.0
1073,200,-326.0
1074,161,-293.0
1075,200,-353.0
1076,200,-344.0
1077,115,-184.0
1078,66,-108.0
1079,200,-371.0
1080,176,-326.0
1081,200,-380.0
1082,140,-227.0
1083,200,-326.0
1084,162,-231.0
1085,153,-222.0
1086,200,-344.0
1087,197,-365.0
1088,200,-344.0
1089,165,-252.0
1090,79,-94.0
1091,139,-289.0
1092,200,-398.0
1093,200,-416.0
1094,200,-407.0
1095,200,-434.0
1096,200,-425.0
1097,200,-452.0
1098,200,-407.0
1099,171,-303.0
1100,54,-78.0
1101,200,-470.0
1102,200,-434.0
1103,200,-353.0
1104,200,-362.0
1105,200,-317.0
1106,200,-308.0
1107,29,-17.0
1108,200,-479.0
1109,162,-321.0
1110,102,-162.0
1111,154,-250.0
1112,57,-72.0
1113,200,-344.0
1114,200,-407.0
1115,200,-389.0
1116,200,-353.0
1117,200,-353.0
1118,200,-380.0
1119,122,-236.0
1120,200,-398.0
1121,200,-389.0
1122,160,-292.0
1123,200,-380.0
1124,200,-371.0
1125,200,-371.0
1126,200,-398.0
1127,200,-380.0
1128,124,-238.0
1129,200,-380.0
1130,200,-317.0
1131,200,-353.0
1132,53,-68.0
1133,200,-371.0
1134,36,-24.0
1135,200,-326.0
1136,108,-168.0
1137,200,-425.0
1138,132,-210.0
1139,200,-335.0
1140,200,-344.0
1141,196,-355.0
1142,200,-353.0
1143,69,-120.0
1144,200,-443.0
1145,200,-335.0
1146,200,-371.0
1147,95,-173.0
1148,200,-353.0
1149,200,-434.0
1150,200,-353.0
1151,200,-389.0
1152,192,-333.0
1153,171,-330.0
1154,113,-173.0
1155,200,-362.0
1156,177,-318.0
1157,138,-243.0
1158,200,-398.0
1159,42,-48.0
1160,100,-169.0
1161,59,-65.0
1162,132,-219.0
1163,200,-362.0
1164,200,-317.0
1165,61,-94.0
1166,50,-56.0
1167,69,-111.0
1168,200,-362.0
1169,200,-353.0
1170,200,-344.0
1171,70,-112.0
1172,200,-389.0
1173,200,-425.0
1174,200,-344.0
1175,200,-407.0
1176,130,-208.0
1177,200,-362.0
1178,200,-371.0
1179,200,-326.0
1180,53,-77.0
1181,173,-251.0
1182,52,-49.0
1183,200,-380.0
1184,200,-281.0
1185,200,-380.0
1186,200,-362.0
1187,200,-326.0
1188,200,-389.0
1189,107,-158.0
1190,164,-323.0
1191,200,-380.0
1192,50,-92.0
1193,132,-210.0
1194,200,-389.0
1195,21,-18.0
1196,104,-191.0
1197,200,-362.0
1198,200,-389.0
1199,200,-443.0
1200,200,-335.0
1201,33,-30.0
1202,189,-339.0
1203,191,-422.0
1204,200,-335.0
1205,32,-38.0
1206,123,-246.0
1207,200,-380.0
1208,117,-222.0
1209,71,-113.0
1210,191,-287.0
1211,200,-326.0
1212,43,-103.0
1213,135,-195.0
1214,200,-335.0
1215,200,-380.0
1216,200,-371.0
1217,200,-479.0
1218,17,4.0
1219,200,-317.0
1220,200,-353.0
1221,200,-407.0
1222,174,-369.0
1223,38,-35.0
1224,200,-407.0
1225,200,-434.0
1226,200,-371.0
1227,200,-398.0
1228,200,-380.0
1229,30,-36.0
1230,179,-311.0
1231,200,-389.0
1232,200,-353.0
1233,200,-335.0
1234,130,-253.0
1235,129,-297.0
1236,105,-174.0
1237,200,-362.0
1238,169,-292.0
1239,14,7.0
1240,200,-344.0
1241,62,-77.0
1242,200,-407.0
1243,139,-244.0
1244,200,-326.0
1245,200,-470.0
1246,180,-321.0
1247,200,-317.0
1248,200,-425.0
1249,163,-241.0
1250,200,-389.0
1251,200,-389.0
1252,200,-335.0
1253,38,-35.0
1254,200,-416.0
1255,129,-270.0
1256,200,-335.0
1257,200,-425.0
1258,200,-362.0
1259,102,-171.0
1260,200,-326.0
1261,150,-246.0
1262,200,-326.0
1263,200,-407.0
1264,165,-279.0
1265,185,-317.0
1266,200,-344.0
1267,200,-380.0
1268,200,-362.0
1269,200,-362.0
1270,59,-101.0
1271,200,-344.0
1272,181,-277.0
1273,89,-221.0
1274,200,-407.0
1275,200,-452.0
1276,200,-461.0
1277,200,-362.0
1278,200,-317.0
1279,170,-239.0
1280,200,-353.0
1281,200,-380.0
1282,200,-389.0
1283,38,-71.0
1284,200,-362.0
1285,200,-380.0
1286,200,-308.0
1287,141,-336.0
1288,98,-122.0
1289,129,-198.0
1290,200,-362.0
1291,200,-353.0
1292,200,-344.0
1293,200,-335.0
1294,200,-380.0
1295,194,-344.0
1296,200,-398.0
1297,200,-353.0
1298,200,-380.0
1299,200,-371.0
1300,200,-326.0
1301,200,-353.0
1302,200,-344.0
1303,107,-176.0
1304,69,-111.0
1305,153,-312.0
1306,200,-407.0
1307,200,-326.0
1308,122,-218.0
1309,200,-389.0
1310,31,-28.0
1311,200,-416.0
1312,200,-380.0
1313,200,-317.0
1314,173,-323.0
1315,200,-362.0
1316,137,-242.0
1317,200,-389.0
1318,200,-353.0
1319,79,-130.0
1320,200,-380.0
1321,200,-353.0
1322,200,-344.0
1323,200,-353.0
1324,31,-37.0
1325,165,-243.0
1326,200,-452.0
1327,200,-389.0
1328,200,-353.0
1329,200,-407.0
1330,95,-146.0
1331,200,-398.0
1332,157,-271.0
1333,200,-344.0
1334,200,-335.0
1335,53,-104.0
1336,153,-222.0
1337,200,-416.0
1338,200,-371.0
1339,200,-335.0
1340,200,-362.0
1341,60,-75.0
1342,149,-236.0
1343,200,-416.0
1344,200,-389.0
1345,69,-102.0
1346,200,-362.0
1347,200,-371.0
1348,188,-293.0
1349,74,-116.0
1350,200,-371.0
1351,64,-115.0
1352,140,-245.0
1353,200,-344.0
1354,189,-348.0
1355,200,-371.0
1356,200,-371.0
1357,200,-353.0
1358,153,-321.0
1359,149,-209.0
1360,200,-389.0
1361,135,-240.0
1362,200,-398.0
1363,85,-127.0
1364,200,-425.0
1365,200,-326.0
1366,25,-4.0
1367,179,-320.0
1368,200,-335.0
1369,200,-416.0
1370,200,-344.0
1371,191,-350.0
1372,105,-156.0
1373,48,-63.0
1374,27,-51.0
1375,90,-105.0
1376,188,-284.0
1377,82,-133.0
1378,200,-353.0
1379,200,-416.0
1380,200,-425.0
1381,120,-180.0
1382,200,-389.0
1383,24,-12.0
1384,200,-371.0
1385,200,-371.0
1386,52,-94.0
1387,130,-199.0
1388,162,-258.0
1389,200,-317.0
1390,200,-407.0
1391,200,-380.0
1392,177,-273.0
1393,49,-55.0
1394,134,-338.0
1395,200,-407.0
1396,69,-93.0
1397,52,-49.0
1398,199,-340.0
1399,200,-398.0
1400,190,-295.0
1401,56,-80.0
1402,200,-398.0
1403,162,-312.0
1404,200,-362.0
1405,200,-389.0
1406,200,-353.0
1407,200,-317.0
1408,119,-170.0
1409,113,-119.0
1410,68,-110.0
1411,200,-326.0
1412,114,-228.0
1413,200,-371.0
1414,60,-129.0
1415,200,-389.0
1416,200,-380.0
1417,170,-266.0
1418,76,-154.0
1419,104,-146.0
1420,200,-407.0
1421,200,-479.0
1422,98,-149.0
1423,54,-60.0
1424,150,-273.0
1425,200,-380.0
1426,192,-351.0
1427,200,-326.0
1428,144,-267.0
1429,200,-299.0
1430,200,-389.0
1431,91,-142.0
1432,200,-416.0
1433,131,-173.0
1434,138,-297.0
1435,200,-335.0
1436,200,-335.0
1437,187,-310.0
1438,200,-353.0
1439,200,-353.0
1440,200,-398.0
1441,200,-344.0
1442,200,-326.0
1443,127,-214.0
1444,200,-389.0
1445,200,-371.0
1446,68,-101.0
1447,200,-326.0
1448,200,-407.0
1449,101,-107.0
1450,67,-91.0
1451,163,-268.0
1452,200,-398.0
1453,200,-434.0
1454,127,-178.0
1455,200,-389.0
1456,200,-344.0
1457,106,-175.0
1458,200,-362.0
1459,157,-307.0
1460,153,-249.0
1461,31,-28.0
1462,200,-398.0
1463,101,-125.0
1464,118,-241.0
1465,135,-222.0
1466,200,-389.0
1467,200,-380.0
1468,80,-122.0
1469,200,-398.0
1470,200,-344.0
1471,115,-148.0
1472,159,-264.0
1473,200,-317.0
1474,200,-461.0
1475,104,-200.0
1476,200,-407.0
1477,60,-93.0
1478,54,-69.0
1479,115,-220.0
1480,154,-241.0
1481,200,-443.0
1482,200,-353.0
1483,98,-104.0
1484,41,-47.0
1485,200,-407.0
1486,7,14.0
1487,200,-353.0
1488,162,-294.0
1489,200,-353.0
1490,140,-227.0
1491,200,-335.0
1492,172,-223.0
1493,200,-416.0
1494,200,-326.0
1495,200,-389.0
1496,19,-43.0
1497,179,-311.0
1498,200,-299.0
1499,134,-248.0
1500,200,-353.0
1501,200,-362.0
1502,200,-407.0
1503,200,-326.0
1504,200,-425.0
1505,77,-119.0
1506,200,-398.0
1507,33,-30.0
1508,200,-425.0
1509,200,-344.0
1510,191,-323.0
1511,9,3.0
1512,173,-215.0
1513,89,-176.0
1514,200,-425.0
1515,37,-61.0
1516,186,-381.0
1517,200,-353.0
1518,139,-244.0
1519,163,-277.0
1520,166,-244.0
1521,200,-371.0
1522,200,-335.0
1523,82,-160.0
1524,200,-362.0
1525,200,-353.0
1526,200,-362.0
1527,41,-56.0
1528,53,-59.0
1529,48,-72.0
1530,72,-123.0
1531,112,-172.0
1532,200,-335.0
1533,185,-281.0
1534,13,8.0
1535,200,-407.0
1536,200,-371.0
1537,200,-335.0
1538,38,-35.0
1539,200,-362.0
1540,200,-443.0
1541,162,-294.0
1542,200,-398.0
1543,148,-271.0
1544,200,-380.0
1545,179,-275.0
1546,165,-288.0
1547,109,-196.0
1548,191,-278.0
1549,135,-276.0
1550,200,-425.0
1551,200,-416.0
1552,200,-353.0
1553,200,-389.0
1554,56,-53.0
1555,200,-362.0
1556,200,-389.0
1557,184,-352.0
1558,200,-362.0
1559,24,-3.0
1560,189,-348.0
1561,200,-335.0
1562,84,-117.0
1563,200,-371.0
1564,200,-317.0
1565,148,-361.0
1566,108,-222.0
1567,133,-220.0
1568,155,-305.0
1569,139,-226.0
1570,200,-344.0
1571,19,-16.0
1572,42,-57.0
1573,173,-314.0
1574,200,-326.0
1575,200,-398.0
1576,200,-353.0
1577,200,-416.0
1578,200,-353.0
1579,127,-241.0
1580,200,-371.0
1581,200,-344.0
1582,200,-389.0
1583,200,-452.0
1584,200,-380.0
1585,200,-416.0
1586,82,-133.0
1587,199,-367.0
1588,74,-107.0
1589,46,-70.0
1590,13,8.0
1591,200,-425.0
1592,200,-380.0
1593,200,-317.0
1594,135,-303.0
1595,200,-389.0
1596,66,-72.0
1597,43,-76.0
1598,76,-118.0
1599,23,-38.0
1600,88,-112.0
1601,200,-380.0
1602,128,-143.0
1603,200,-380.0
1604,200,-416.0
1605,153,-285.0
1606,200,-380.0
1607,200,-335.0
1608,47,-80.0
1609,116,-149.0
1610,134,-212.0
1611,200,-380.0
1612,127,-259.0
1613,161,-302.0
1614,45,-87.0
1615,200,-398.0
1616,34,-58.0
1617,200,-479.0
1618,133,-247.0
1619,178,-364.0
1620,188,-347.0
1621,180,-303.0
1622,140,-236.0
1623,200,-371.0
1624,56,-80.0
1625,200,-308.0
1626,116,-176.0
1627,128,-179.0
1628,200,-335.0
1629,143,-230.0
1630,200,-416.0
1631,200,-398.0
1632,136,-241.0
1633,110,-233.0
1634,199,-340.0
1635,98,-140.0
1636,200,-353.0
1637,200,-344.0
1638,200,-371.0
1639,186,-318.0
1640,200,-389.0
1641,71,-113.0
1642,12,0.0
1643,200,-317.0
1644,51,-75.0
1645,35,-41.0
1646,200,-353.0
1647,81,-141.0
1648,200,-362.0
1649,106,-202.0
1650,200,-353.0
1651,200,-371.0
1652,200,-461.0
1653,200,-371.0
1654,197,-365.0
1655,162,-249.0
1656,200,-389.0
1657,57,-81.0
1658,58,-91.0
1659,200,-353.0
1660,78,-111.0
1661,200,-335.0
1662,103,-253.0
1663,169,-310.0
1664,200,-362.0
1665,200,-353.0
1666,200,-335.0
1667,130,-226.0
1668,157,-262.0
1669,133,-247.0
1670,139,-208.0
1671,200,-353.0
1672,200,-434.0
1673,200,-398.0
1674,200,-371.0
1675,69,-93.0
1676,138,-279.0
1677,39,-54.0
1678,114,-174.0
1679,48,-63.0
1680,200,-326.0
1681,200,-389.0
1682,91,-151.0
1683,200,-407.0
1684,200,-416.0
1685,200,-335.0
1686,153,-276.0
1687,123,-228.0
1688,200,-416.0
1689,200,-416.0
1690,105,-174.0
1691,200,-443.0
1692,135,-231.0
1693,200,-335.0
1694,21,-27.0
1695,141,-246.0
1696,134,-248.0
1697,200,-425.0
1698,200,-389.0
1699,75,-135.0
1700,181,-322.0
1701,200,-434.0
1702,61,-40.0
1703,200,-380.0
1704,200,-371.0
1705,200,-398.0
1706,33,-66.0
1707,113,-182.0
1708,184,-307.0
1709,200,-434.0
1710,200,-362.0
1711,183,-333.0
1712,200,-317.0
1713,200,-416.0
1714,200,-317.0
1715,14,7.0
1716,167,-290.0
1717,117,-168.0
1718,200,-425.0
1719,86,-164.0
1720,200,-389.0
1721,200,-335.0
1722,200,-335.0
1723,200,-380.0
1724,157,-289.0
1725,149,-272.0
1726,180,-276.0
1727,44,-41.0
1728,200,-362.0
1729,63,-105.0
1730,200,-389.0
1731,200,-362.0
1732,147,-207.0
1733,200,-362.0
1734,200,-425.0
1735,79,-139.0
1736,106,-130.0
1737,132,-219.0
1738,97,-166.0
1739,68,-119.0
1740,200,-362.0
1741,200,-371.0
1742,200,-344.0
1743,200,-389.0
1744,172,-277.0
1745,200,-344.0
1746,115,-193.0
1747,200,-443.0
1748,141,-318.0
1749,200,-380.0
1750,177,-309.0
1751,200,-380.0
1752,177,-309.0
1753,200,-344.0
1754,200,-353.0
1755,175,-388.0
1756,44,-86.0
1757,200,-380.0
1758,178,-355.0
1759,200,-380.0
1760,200,-323.0
1761,119,-233.0
1762,137,-242.0
1763,125,-275.0
1764,200,-371.0
1765,200,-344.0
1766,134,-203.0
1767,151,-247.0
1768,49,-64.0
1769,200,-371.0
1770,200,-407.0
1771,200,-353.0
1772,200,-362.0
1773,200,-389.0
1774,153,-267.0
1775,200,-353.0
1776,169,-310.0
1777,48,-81.0
1778,189,-321.0
1779,200,-452.0
1780,73,-133.0
1781,158,-299.0
1782,16,-22.0
1783,109,-223.0
1784,200,-317.0
1785,142,-229.0
1786,50,-92.0
1787,134,-293.0
1788,200,-416.0
1789,200,-362.0
1790,200,-353.0
1791,200,-434.0
1792,48,-90.0
1793,200,-371.0
1794,115,-175.0
1795,200,-317.0
1796,156,-225.0
1797,121,-271.0
1798,101,-170.0
1799,200,-389.0
1800,200,-380.0
1801,114,-183.0
1802,133,-247.0
1803,59,-83.0
1804,23,-29.0
1805,117,-186.0
1806,85,-145.0
1807,200,-335.0
1808,200,-380.0
1809,200,-299.0
1810,200,-362.0
1811,136,-214.0
1812,180,-276.0
1813,135,-276.0
1814,200,-371.0
1815,200,-416.0
1816,200,-326.0
1817,183,-342.0
1818,61,-76.0
1819,20,-26.0
1820,23,-11.0
1821,32,-20.0
1822,200,-353.0
1823,138,-234.0
1824,200,-452.0
1825,43,-31.0
1826,200,-380.0
1827,200,-443.0
1828,200,-398.0
1829,133,-166.0
1830,200,-407.0
1831,166,-262.0
1832,147,-225.0
1833,200,-389.0
1834,200,-443.0
1835,189,-321.0
1836,173,-260.0
1837,200,-335.0
1838,200,-335.0
1839,66,-81.0
1840,200,-362.0
1841,72,-123.0
1842,200,-326.0
1843,12,9.0
1844,189,-303.0
1845,200,-380.0
1846,199,-259.0
1847,200,-371.0
1848,76,-118.0
1849,200,-398.0
1850,169,-256.0
1851,200,-389.0
1852,36,-15.0
1853,129,-207.0
1854,200,-416.0
1855,131,-182.0
1856,56,-80.0
1857,200,-335.0
1858,200,-344.0
1859,200,-344.0
1860,141,-246.0
1861,171,-303.0
1862,200,-362.0
1863,183,-351.0
1864,165,-324.0
1865,151,-238.0
1866,158,-254.0
1867,200,-380.0
1868,200,-380.0
1869,200,-371.0
1870,134,-203.0
1871,125,-158.0
1872,200,-353.0
1873,111,-207.0
1874,169,-301.0
1875,200,-380.0
1876,90,-141.0
1877,200,-389.0
1878,120,-243.0
1879,171,-303.0
1880,163,-250.0
1881,197,-293.0
1882,32,-20.0
1883,172,-313.0
1884,200,-407.0
1885,200,-398.0
1886,200,-488.0
1887,63,-87.0
1888,200,-335.0
1889,200,-371.0
1890,200,-335.0
1891,127,-187.0
1892,55,-79.0
1893,200,-371.0
1894,200,-317.0
1895,200,-407.0
1896,200,-272.0
1897,113,-191.0
1898,48,-63.0
1899,142,-202.0
1900,200,-434.0
1901,82,-142.0
1902,200,-443.0
1903,167,-236.0
1904,200,-479.0
1905,140,-182.0
1906,40,-55.0
1907,200,-371.0
1908,150,-273.0
1909,200,-317.0
1910,146,-179.0
1911,119,-188.0
1912,200,-380.0
1913,200,-407.0
1914,67,-100.0
1915,44,-50.0
1916,200,-353.0
1917,200,-308.0
1918,130,-253.0
1919,151,-274.0
1920,54,-51.0
1921,146,-233.0
1922,194,-344.0
1923,200,-353.0
1924,45,-51.0
1925,200,-299.0
1926,200,-407.0
1927,200,-434.0
1928,90,-186.0
1929,138,-288.0
1930,157,-253.0
1931,189,-339.0
1932,95,-164.0
1933,200,-398.0
1934,200,-434.0
1935,27,-15.0
1936,200,-344.0
1937,200,-416.0
1938,199,-394.0
1939,200,-398.0
1940,121,-172.0
1941,200,-371.0
1942,94,-136.0
1943,200,-407.0
1944,200,-389.0
1945,105,-174.0
1946,176,-344.0
1947,97,-157.0
1948,200,-335.0
1949,200,-344.0
1950,55,-79.0
1951,54,-78.0
1952,153,-267.0
1953,200,-299.0
1954,200,-398.0
1955,68,-92.0
1956,52,-103.0
1957,77,-119.0
1958,159,-291.0
1959,160,-292.0
1960,200,-434.0
1961,121,-235.0
1962,91,-160.0
1963,90,-168.0
1964,200,-434.0
1965,200,-425.0
1966,43,-40.0
1967,200,-335.0
1968,200,-317.0
1969,18,3.0
1970,200,-371.0
1971,64,-97.0
1972,200,-389.0
1973,200,-380.0
1974,178,-373.0
1975,200,-362.0
1976,200,-389.0
1977,180,-258.0
1978,200,-425.0
1979,172,-313.0
1980,200,-353.0
1981,173,-323.0
1982,182,-314.0
1983,200,-416.0
1984,37,-43.0
1985,16,-4.0
1986,73,-61.0
1987,200,-416.0
1988,125,-221.0
1989,35,-59.0
1990,200,-344.0
1991,200,-344.0
1992,200,-326.0
1993,200,-389.0
1994,97,-148.0
1995,93,-117.0
1996,72,-132.0
1997,200,-317.0
1998,104,-218.0
1999,200,-371.0
2000,16,-13.0
2001,199,-367.0
2002,172,-295.0
2003,200,-398.0
2004,200,-452.0
2005,50,-47.0
2006,66,-135.0
2007,92,-170.0
2008,92,-134.0
2009,169,-346.0
2010,121,-172.0
2011,122,-200.0
2012,114,-201.0
2013,128,-215.0
2014,170,-221.0
2015,112,-199.0
2016,11,10.0
2017,129,-207.0
2018,117,-249.0
2019,200,-416.0
2020,200,-407.0
2021,200,-371.0
2022,200,-389.0
2023,200,-362.0
2024,158,-254.0
2025,200,-335.0
2026,200,-389.0
2027,13,8.0
2028,111,-189.0
2029,200,-380.0
2030,197,-392.0
2031,165,-342.0
2032,71,-122.0
2033,111,-180.0
2034,180,-294.0
2035,36,-51.0
2036,40,-37.0
2037,85,-118.0
2038,183,-315.0
2039,200,-389.0
2040,96,-165.0
2041,200,-452.0
2042,65,-107.0
2043,200,-416.0
2044,41,-38.0
2045,175,-262.0
2046,119,-197.0
2047,140,-173.0
2048,200,-380.0
2049,120,-216.0
2050,35,-32.0
2051,200,-299.0
2052,200,-398.0
2053,35,-32.0
2054,96,-165.0
2055,200,-326.0
2056,118,-187.0
2057,200,-398.0
2058,91,-115.0
2059,47,-62.0
2060,200,-389.0
2061,199,-349.0
2062,200,-371.0
2063,200,-461.0
2064,200,-389.0
2065,49,-91.0
2066,94,-136.0
2067,51,-39.0
2068,200,-371.0
2069,134,-248.0
2070,47,-44.0
2071,62,-86.0
2072,68,-92.0
2073,11,1.0
2074,69,-129.0
2075,196,-274.0
2076,84,-126.0
2077,200,-362.0
2078,200,-371.0
2079,200,-335.0
2080,200,-380.0
2081,51,-75.0
2082,200,-398.0
2083,25,-49.0
2084,162,-258.0
2085,42,-39.0
2086,200,-380.0
2087,11,10.0
2088,158,-281.0
2089,81,-105.0
2090,17,-14.0
2091,61,-94.0
2092,200,-362.0
2093,122,-200.0
2094,78,-129.0
2095,200,-353.0
2096,200,-326.0
2097,39,-45.0
2098,123,-165.0
2099,124,-220.0
2100,42,-57.0
2101,41,-56.0
2102,113,-191.0
2103,200,-326.0
2104,171,-267.0
2105,200,-308.0
2106,185,-362.0
2107,200,-344.0
2108,200,-362.0
2109,87,-156.0
2110,200,-425.0
2111,45,-51.0
2112,200,-344.0
2113,26,-5.0
2114,87,-138.0
2115,94,-181.0
2116,45,-78.0
2117,30,-18.0
2118,150,-255.0
2119,200,-425.0
2120,200,-326.0
2121,200,-425.0
2122,200,-317.0
2123,200,-398.0
2124,200,-425.0
2125,200,-353.0
2126,123,-156.0
2127,200,-380.0
2128,22,-10.0
2129,84,-162.0
2130,200,-353.0
2131,200,-407.0
2132,200,-398.0
2133,112,-181.0
2134,200,-416.0
2135,132,-201.0
2136,187,-364.0
2137,152,-329.0
2138,39,-90.0
2139,50,-92.0
2140,157,-226.0
2141,55,-61.0
2142,117,-168.0
2143,200,-380.0
2144,180,-240.0
2145,200,-398.0
2146,162,-213.0
2147,80,-131.0
2148,16,-4.0
2149,123,-237.0
2150,200,-389.0
2151,88,-130.0
2152,200,-380.0
2153,200,-407.0
2154,43,-40.0
2155,152,-212.0
2156,200,-371.0
2157,200,-371.0
2158,200,-308.0
2159,98,-176.0
2160,200,-326.0
2161,101,-170.0
2162,200,-488.0
2163,120,-189.0
2164,154,-259.0
2165,200,-299.0
2166,83,-125.0
2167,15,-12.0
2168,115,-229.0
2169,84,-99.0
2170,109,-178.0
2171,55,-79.0
2172,200,-407.0
2173,101,-143.0
2174,200,-389.0
2175,200,-317.0
2176,41,-38.0
2177,200,-344.0
2178,175,-316.0
2179,106,-184.0
2180,200,-362.0
2181,179,-338.0
2182,135,-231.0
2183,200,-380.0
2184,200,-353.0
2185,200,-344.0
2186,39,-54.0
2187,82,-106.0
2188,84,-153.0
2189,154,-250.0
2190,61,-76.0
2191,200,-398.0
2192,81,-105.0
2193,114,-201.0
2194,151,-229.0
2195,63,-114.0
2196,200,-362.0
2197,46,-34.0
2198,200,-389.0
2199,200,-335.0
2200,200,-407.0
2201,63,-78.0
2202,200,-299.0
2203,200,-380.0
2204,64,-61.0
2205,200,-353.0
2206,200,-344.0
2207,200,-371.0
2208,39,-90.0
2209,200,-398.0
2210,44,-68.0
2211,158,-272.0
2212,100,-133.0
2213,187,-364.0
2214,119,-215.0
2215,200,-398.0
2216,81,-132.0
2217,200,-380.0
2218,67,-100.0
2219,30,-18.0
2220,84,-144.0
2221,200,-398.0
2222,200,-398.0
2223,82,-115.0
2224,145,-205.0
2225,42,-57.0
2226,200,-353.0
2227,128,-206.0
2228,200,-353.0
2229,97,-157.0
2230,200,-443.0
2231,200,-371.0
2232,89,-167.0
2233,175,-343.0
2234,41,-20.0
2235,156,-261.0
2236,68,-119.0
2237,132,-210.0
2238,74,-125.0
2239,200,-452.0
2240,178,-301.0
2241,200,-362.0
2242,200,-389.0
2243,200,-371.0
2244,20,1.0
2245,150,-273.0
2246,200,-335.0
2247,200,-380.0
2248,173,-260.0
2249,200,-407.0
2250,200,-371.0
2251,200,-407.0
2252,11,10.0
2253,88,-166.0
2254,70,-121.0
2255,84,-153.0
2256,200,-371.0
2257,54,-69.0
2258,129,-225.0
2259,133,-175.0
2260,93,-162.0
2261,39,-63.0
2262,200,-326.0
2263,165,-315.0
2264,200,-416.0
2265,200,-335.0
2266,76,-109.0
2267,85,-100.0
2268,171,-249.0
2269,63,-123.0
2270,200,-389.0
2271,75,-117.0
2272,40,-91.0
2273,200,-434.0
2274,71,-104.0
2275,43,-40.0
2276,43,-31.0
2277,200,-443.0
2278,200,-371.0
2279,85,-127.0
2280,200,-407.0
2281,107,-158.0
2282,200,-326.0
2283,200,-398.0
2284,164,-278.0
2285,89,-158.0
2286,200,-353.0
2287,55,-79.0
2288,101,-233.0
2289,149,-227.0
2290,200,-362.0
2291,200,-434.0
2292,200,-407.0
2293,102,-162.0
2294,98,-176.0
2295,49,-73.0
2296,144,-285.0
2297,200,-353.0
2298,200,-335.0
2299,200,-362.0
2300,177,-255.0
2301,200,-335.0
2302,200,-443.0
2303,122,-173.0
2304,200,-317.0
2305,144,-267.0
2306,121,-244.0
2307,125,-194.0
2308,47,-44.0
2309,200,-425.0
2310,139,-226.0
2311,151,-310.0
2312,46,-52.0
2313,26,-14.0
2314,184,-316.0
2315,156,-288.0
2316,200,-362.0
2317,67,-91.0
2318,200,-434.0
2319,88,-121.0
2320,200,-326.0
2321,23,-11.0
2322,200,-362.0
2323,21,-18.0
2324,78,-111.0
2325,142,-238.0
2326,38,-62.0
2327,186,-309.0
2328,200,-380.0
2329,148,-280.0
2330,51,-75.0
2331,108,-168.0
2332,71,-86.0
2333,200,-344.0
2334,57,-81.0
2335,170,-275.0
2336,184,-352.0
2337,73,-88.0
2338,66,-99.0
2339,49,-64.0
2340,13,8.0
2341,81,-114.0
2342,86,-137.0
2343,96,-165.0
2344,127,-232.0
2345,127,-241.0
2346,186,-273.0
2347,119,-206.0
2348,200,-407.0
2349,117,-186.0
2350,200,-380.0
2351,36,-60.0
2352,200,-308.0
2353,200,-461.0
2354,108,-141.0
2355,83,-125.0
2356,125,-221.0
2357,157,-226.0
2358,200,-380.0
2359,136,-214.0
2360,200,-371.0
2361,200,-380.0
2362,121,-181.0
2363,200,-380.0
2364,200,-362.0
2365,41,-47.0
2366,169,-310.0
2367,99,-186.0
2368,200,-380.0
2369,200,-452.0
2370,149,-245.0
2371,163,-304.0
2372,100,-178.0
2373,200,-425.0
2374,115,-247.0
2375,180,-276.0
2376,171,-321.0
2377,43,-67.0
2378,200,-389.0
2379,42,-48.0
2380,145,-259.0
2381,200,-344.0
2382,200,-389.0
2383,200,-398.0
2384,200,-425.0
2385,171,-294.0
2386,92,-242.0
2387,70,-85.0
2388,35,-50.0
2389,79,-94.0
2390,11,-8.0
2391,165,-342.0
2392,121,-181.0
2393,172,-313.0
2394,139,-244.0
2395,189,-294.0
2396,200,-335.0
2397,200,-371.0
2398,126,-150.0
2399,200,-389.0
2400,200,-362.0
2401,85,-118.0
2402,162,-285.0
2403,97,-175.0
2404,200,-371.0
2405,200,-416.0
2406,71,-104.0
2407,61,-103.0
2408,50,-65.0
2409,200,-317.0
2410,48,-90.0
2411,143,-221.0
2412,8,13.0
2413,48,-63.0
2414,200,-398.0
2415,143,-194.0
2416,200,-326.0
2417,148,-280.0
2418,61,-121.0
2419,200,-407.0
2420,149,-254.0
2421,170,-302.0
2422,123,-210.0
2423,124,-211.0
2424,200,-317.0
2425,200,-443.0
2426,157,-262.0
2427,163,-340.0
2428,134,-185.0
2429,55,-61.0
2430,200,-344.0
2431,77,-137.0
2432,147,-234.0
2433,200,-416.0
2434,125,-230.0
2435,153,-240.0
2436,160,-265.0
2437,64,-133.0
2438,92,-143.0
2439,200,-353.0
2440,38,-53.0
2441,147,-279.0
2442,96,-147.0
2443,198,-357.0
2444,200,-335.0
2445,200,-380.0
2446,142,-292.0
2447,148,-298.0
2448,34,-49.0
2449,110,-215.0
2450,193,-352.0
2451,196,-373.0
2452,200,-344.0
2453,55,-97.0
2454,200,-335.0
2455,53,-86.0
2456,52,-58.0
2457,200,-317.0
2458,197,-383.0
2459,200,-470.0
2460,114,-183.0
2461,32,-56.0
2462,137,-251.0
2463,129,-198.0
2464,200,-380.0
2465,200,-380.0
2466,200,-344.0
2467,67,-82.0
2468,41,-38.0
2469,95,-110.0
2470,165,-342.0
2471,185,-245.0
2472,200,-371.0
2473,126,-204.0
2474,200,-353.0
2475,188,-329.0
2476,139,-235.0
2477,153,-339.0
2478,84,-135.0
2479,143,-284.0
2480,172,-367.0
2481,66,-126.0
2482,48,-54.0
2483,159,-246.0
2484,75,-144.0
2485,195,-327.0
2486,200,-353.0
2487,200,-371.0
2488,197,-329.0
2489,171,-348.0
2490,200,-398.0
2491,200,-317.0
2492,200,-272.0
2493,200,-371.0
2494,200,-380.0
2495,51,-66.0
2496,66,-117.0
2497,81,-150.0
2498,103,-199.0
2499,200,-362.0
2500,8,13.0
2501,200,-479.0
2502,200,-416.0
2503,189,-384.0
2504,200,-371.0
2505,61,-67.0
2506,184,-325.0
2507,25,-22.0
2508,40,-64.0
2509,124,-229.0
2510,200,-344.0
2511,200,-443.0
2512,63,-114.0
2513,169,-301.0
2514,115,-202.0
2515,18,-24.0
2516,15,-3.0
2517,200,-389.0
2518,12,-9.0
2519,94,-136.0
2520,100,-142.0
2521,119,-170.0
2522,200,-344.0
2523,122,-164.0
2524,200,-407.0
2525,150,-282.0
2526,23,-11.0
2527,200,-335.0
2528,64,-124.0
2529,200,-308.0
2530,200,-380.0
2531,129,-234.0
2532,200,-335.0
2533,106,-193.0
2534,117,-195.0
2535,55,-61.0
2536,191,-287.0
2537,200,-389.0
2538,200,-443.0
2539,200,-362.0
2540,200,-425.0
2541,162,-276.0
2542,127,-205.0
2543,53,-77.0
2544,194,-344.0
2545,138,-261.0
2546,59,-83.0
2547,37,-34.0
2548,116,-158.0
2549,200,-389.0
2550,200,-371.0
2551,134,-239.0
2552,63,-87.0
2553,146,-251.0
2554,123,-210.0
2555,110,-197.0
2556,200,-362.0
2557,138,-171.0
2558,200,-371.0
2559,110,-197.0
2560,63,-69.0
2561,151,-337.0
2562,44,-77.0
2563,200,-416.0
2564,200,-362.0
2565,141,-228.0
2566,200,-407.0
2567,200,-497.0
2568,159,-327.0
2569,186,-291.0
2570,43,-49.0
2571,104,-137.0
2572,41,-38.0
2573,90,-105.0
2574,129,-216.0
2575,71,-113.0
2576,136,-214.0
2577,200,-416.0
2578,80,-104.0
2579,90,-177.0
2580,200,-371.0
2581,20,-8.0
2582,81,-177.0
2583,74,-71.0
2584,200,-398.0
2585,120,-216.0
2586,137,-278.0
2587,200,-380.0
2588,200,-335.0
2589,165,-270.0
2590,200,-389.0
2591,64,-88.0
2592,200,-353.0
2593,88,-103.0
2594,15,-3.0
2595,50,-65.0
2596,109,-142.0
2597,125,-194.0
2598,200,-470.0
2599,126,-168.0
2600,89,-122.0
2601,200,-398.0
2602,69,-156.0
2603,41,-56.0
2604,140,-218.0
2605,200,-389.0
2606,200,-479.0
2607,126,-249.0
2608,106,-166.0
2609,73,-142.0
2610,200,-434.0
2611,20,-17.0
2612,200,-344.0
2613,62,-77.0
2614,200,-353.0
2615,48,-72.0
2616,21,-27.0
2617,169,-337.0
2618,109,-187.0
2619,54,-51.0
2620,200,-371.0
2621,178,-355.0
2622,200,-398.0
2623,154,-295.0
2624,200,-344.0
2625,77,-155.0
2626,65,-89.0
2627,52,-58.0
2628,166,-325.0
2629,200,-362.0
2630,181,-313.0
2631,177,-282.0
2632,200,-335.0
2633,200,-344.0
2634,28,-34.0
2635,196,-346.0
2636,182,-341.0
2637,109,-187.0
2638,186,-363.0
2639,138,-198.0
2640,105,-174.0
2641,58,-73.0
2642,87,-183.0
2643,187,-328.0
2644,200,-380.0
2645,163,-223.0
2646,89,-158.0
2647,100,-151.0
2648,85,-154.0
2649,200,-353.0
2650,104,-182.0
2651,200,-380.0
2652,114,-138.0
2653,200,-443.0
2654,200,-479.0
2655,48,-36.0
2656,200,-434.0
2657,200,-407.0
2658,200,-407.0
2659,148,-253.0
2660,188,-293.0
2661,45,-51.0
2662,157,-253.0
2663,44,-77.0
2664,101,-170.0
2665,200,-389.0
2666,57,-108.0
2667,200,-398.0
2668,200,-371.0
2669,93,-108.0
2670,97,-121.0
2671,180,-285.0
2672,109,-214.0
2673,187,-373.0
2674,200,-398.0
2675,115,-175.0
2676,141,-201.0
2677,200,-407.0
2678,128,-170.0
2679,164,-278.0
2680,193,-352.0
2681,95,-146.0
2682,179,-338.0
2683,97,-166.0
2684,171,-303.0
2685,145,-232.0
2686,12,-9.0
2687,200,-371.0
2688,200,-317.0
2689,178,-328.0
2690,89,-122.0
2691,200,-371.0
2692,123,-183.0
2693,89,-167.0
2694,117,-213.0
2695,200,-380.0
2696,200,-353.0
2697,108,-186.0
2698,122,-191.0
2699,67,-82.0
2700,66,-72.0
2701,131,-200.0
2702,82,-97.0
2703,200,-344.0
2704,200,-389.0
2705,164,-296.0
2706,200,-362.0
2707,127,-286.0
2708,200,-371.0
2709,199,-367.0
2710,130,-181.0
2711,19,-34.0
2712,200,-344.0
2713,110,-179.0
2714,88,-94.0
2715,81,-168.0
2716,200,-335.0
2717,160,-319.0
2718,200,-380.0
2719,200,-326.0
2720,200,-434.0
2721,136,-223.0
2722,200,-380.0
2723,200,-416.0
2724,102,-162.0
2725,85,-199.0
2726,47,-35.0
2727,30,-9.0
2728,62,-104.0
2729,200,-380.0
2730,40,-37.0
2731,112,-208.0
2732,192,-342.0
2733,200,-362.0
2734,32,-47.0
2735,160,-301.0
2736,46,-79.0
2737,99,-204.0
2738,22,-28.0
2739,143,-293.0
2740,10,11.0
2741,175,-280.0
2742,200,-425.0
2743,30,-36.0
2744,109,-196.0
2745,193,-370.0
2746,200,-389.0
2747,200,-245.0
2748,66,-108.0
2749,200,-380.0
2750,41,-65.0
2751,114,-201.0
2752,108,-159.0
2753,49,-28.0
2754,161,-266.0
2755,200,-398.0
2756,8,13.0
2757,45,-78.0
2758,200,-353.0
2759,192,-342.0
2760,140,-236.0
2761,200,-389.0
2762,156,-234.0
2763,155,-197.0
2764,200,-407.0
2765,128,-197.0
2766,145,-304.0
2767,40,-28.0
2768,200,-353.0
2769,94,-181.0
2770,18,-15.0
2771,15,6.0
2772,38,-44.0
2773,200,-380.0
2774,200,-362.0
2775,118,-205.0
2776,200,-380.0
2777,200,-317.0
2778,84,-162.0
2779,147,-270.0
2780,200,-380.0
2781,82,-106.0
2782,124,-202.0
2783,80,-131.0
2784,200,-443.0
2785,170,-356.0
2786,73,-142.0
2787,200,-380.0
2788,42,-84.0
2789,140,-272.0
2790,35,-59.0
2791,72,-105.0
2792,68,-155.0
2793,160,-265.0
2794,79,-139.0
2795,192,-252.0
2796,146,-305.0
2797,13,-1.0
2798,192,-324.0
2799,200,-353.0
2800,162,-267.0
2801,99,-159.0
2802,200,-371.0
2803,154,-286.0
2804,172,-322.0
2805,48,-27.0
2806,149,-218.0
2807,200,-371.0
2808,20,-17.0
2809,102,-189.0
2810,199,-331.0
2811,32,-38.0
2812,131,-164.0
2813,192,-360.0
2814,190,-313.0
2815,52,-76.0
2816,200,-344.0
2817,188,-293.0
2818,163,-259.0
2819,200,-389.0
2820,78,-129.0
2821,152,-266.0
2822,172,-268.0
2823,69,-93.0
2824,138,-225.0
2825,186,-300.0
2826,153,-231.0
2827,198,-384.0
2828,140,-299.0
2829,196,-355.0
2830,12,-9.0
2831,142,-247.0
2832,101,-134.0
2833,41,-65.0
2834,91,-106.0
2835,200,-353.0
2836,165,-297.0
2837,143,-239.0
2838,200,-380.0
2839,79,-94.0
2840,200,-299.0
2841,109,-205.0
2842,164,-323.0
2843,48,-81.0
2844,9,3.0
2845,200,-353.0
2846,88,-130.0
2847,182,-314.0
2848,186,-390.0
2849,162,-348.0
2850,127,-205.0
2851,18,-15.0
2852,185,-344.0
2853,138,-234.0
2854,82,-133.0
2855,24,-12.0
2856,159,-336.0
2857,27,-6.0
2858,104,-191.0
2859,200,-398.0
2860,200,-398.0
2861,27,-6.0
2862,87,-102.0
2863,88,-157.0
2864,116,-194.0
2865,45,-33.0
2866,125,-248.0
2867,200,-380.0
2868,153,-213.0
2869,139,-190.0
2870,36,-33.0
2871,200,-335.0
2872,200,-389.0
2873,97,-121.0
2874,165,-270.0
2875,127,-205.0
2876,180,-366.0
2877,111,-225.0
2878,196,-292.0
2879,149,-227.0
2880,162,-276.0
2881,136,-232.0
2882,41,-65.0
2883,76,-145.0
2884,94,-163.0
2885,176,-299.0
2886,10,11.0
2887,37,-52.0
2888,141,-210.0
2889,82,-142.0
2890,185,-317.0
2891,83,-107.0
2892,190,-313.0
2893,51,-66.0
2894,128,-233.0
2895,200,-434.0
2896,157,-325.0
2897,191,-287.0
2898,55,-61.0
2899,138,-243.0
2900,20,-8.0
2901,114,-219.0
2902,188,-302.0
2903,164,-323.0
2904,51,-84.0
2905,94,-136.0
2906,78,-93.0
2907,200,-389.0
2908,200,-380.0
2909,66,-108.0
2910,95,-137.0
2911,200,-362.0
2912,88,-103.0
2913,24,-12.0
2914,119,-161.0
2915,193,-352.0
2916,200,-353.0
2917,9,3.0
2918,177,-246.0
2919,200,-389.0
2920,195,-354.0
2921,42,-75.0
2922,125,-257.0
2923,51,-84.0
2924,63,-123.0
2925,112,-226.0
2926,197,-365.0
2927,8,13.0
2928,200,-407.0
2929,161,-275.0
2930,200,-335.0
2931,95,-173.0
2932,200,-335.0
2933,154,-313.0
2934,19,-7.0
2935,51,-75.0
2936,200,-371.0
2937,6,15.0
2938,117,-177.0
2939,15,-3.0
2940,48,-90.0
2941,200,-362.0
2942,200,-344.0
2943,200,-425.0
2944,62,-77.0
2945,70,-85.0
2946,76,-136.0
2947,63,-114.0
2948,181,-349.0
2949,48,-63.0
2950,47,-53.0
2951,144,-267.0
2952,96,-147.0
2953,108,-195.0
2954,200,-407.0
2955,153,-330.0
2956,83,-107.0
2957,154,-259.0
2958,200,-353.0
2959,41,-74.0
2960,77,-119.0
2961,200,-362.0
2962,69,-111.0
2963,140,-263.0
2964,46,-61.0
2965,104,-182.0
2966,32,-38.0
2967,200,-353.0
2968,157,-262.0
2969,78,-156.0
2970,45,-42.0
2971,200,-389.0
2972,150,-273.0
2973,105,-210.0
2974,200,-398.0
2975,32,-29.0
2976,175,-262.0
2977,95,-137.0
2978,128,-233.0
2979,79,-157.0
2980,197,-266.0
2981,25,-40.0
2982,113,-182.0
2983,189,-303.0
2984,200,-371.0
2985,200,-380.0
2986,200,-371.0
2987,184,-298.0
2988,200,-326.0
2989,24,-12.0
2990,36,-24.0
2991,173,-305.0
2992,200,-353.0
2993,10,11.0
2994,200,-398.0
2995,200,-434.0
2996,101,-143.0
2997,131,-200.0
2998,151,-229.0
2999,33,-30.0
3000,200,-380.0
3001,193,-379.0
3002,22,-10.0
3003,95,-146.0
3004,194,-281.0
3005,148,-280.0
3006,200,-416.0
3007,200,-416.0
3008,13,8.0
3009,83,-170.0
3010,84,-135.0
3011,200,-398.0
3012,200,-389.0
3013,53,-68.0
3014,152,-320.0
3015,200,-380.0
3016,119,-215.0
3017,76,-118.0
3018,86,-146.0
3019,109,-151.0
3020,14,-11.0
3021,111,-207.0
3022,149,-254.0
3023,81,-105.0
3024,143,-257.0
3025,158,-299.0
3026,188,-302.0
3027,123,-192.0
3028,177,-300.0
3029,38,-44.0
3030,26,-32.0
3031,119,-197.0
3032,186,-336.0
3033,71,-77.0
3034,186,-336.0
3035,200,-353.0
3036,200,-407.0
3037,52,-85.0
3038,200,-371.0
3039,72,-141.0
3040,132,-192.0
3041,142,-238.0
3042,32,-38.0
3043,114,-210.0
3044,48,-54.0
3045,21,-18.0
3046,67,-91.0
3047,200,-371.0
3048,200,-398.0
3049,160,-283.0
3050,156,-243.0
3051,102,-144.0
3052,35,-41.0
3053,200,-416.0
3054,171,-240.0
3055,116,-131.0
3056,200,-362.0
3057,26,-23.0
3058,200,-353.0
3059,128,-206.0
3060,174,-288.0
3061,9,-15.0
3062,66,-126.0
3063,191,-305.0
3064,42,-75.0
3065,162,-231.0
3066,25,-13.0
3067,117,-204.0
3068,200,-398.0
3069,85,-154.0
3070,200,-389.0
3071,34,-22.0
3072,200,-416.0
3073,108,-168.0
3074,95,-146.0
3075,200,-425.0
3076,193,-397.0
3077,81,-141.0
3078,160,-301.0
3079,152,-239.0
3080,103,-190.0
3081,200,-344.0
3082,50,-92.0
3083,200,-380.0
3084,63,-69.0
3085,111,-162.0
3086,48,-27.0
3087,46,-61.0
3088,197,-338.0
3089,200,-362.0
3090,200,-335.0
3091,26,-32.0
3092,80,-131.0
3093,140,-227.0
3094,77,-92.0
3095,114,-156.0
3096,139,-199.0
3097,200,-371.0
3098,200,-353.0
3099,72,-150.0
3100,18,3.0
3101,105,-156.0
3102,11,1.0
3103,116,-257.0
3104,90,-168.0
3105,106,-157.0
3106,49,-55.0
3107,200,-344.0
3108,90,-123.0
3109,140,-218.0
3110,198,-357.0
3111,131,-236.0
3112,138,-261.0
3113,200,-389.0
3114,97,-184.0
3115,46,-52.0
3116,135,-249.0
3117,78,-111.0
3118,192,-306.0
3119,197,-365.0
3120,200,-371.0
3121,119,-215.0
3122,134,-311.0
3123,200,-425.0
3124,102,-153.0
3125,104,-146.0
3126,200,-317.0
3127,150,-165.0
3128,200,-371.0
3129,104,-182.0
3130,25,-40.0
3131,21,-9.0
3132,90,-186.0
3133,200,-344.0
3134,45,-87.0
3135,115,-256.0
3136,68,-128.0
3137,145,-277.0
3138,200,-470.0
3139,44,-41.0
3140,158,-317.0
3141,200,-362.0
3142,185,-380.0
3143,66,-108.0
3144,95,-155.0
3145,128,-161.0
3146,23,-29.0
3147,158,-317.0
3148,200,-326.0
3149,127,-214.0
3150,162,-312.0
3151,200,-407.0
3152,47,-62.0
3153,69,-120.0
3154,77,-119.0
3155,200,-317.0
3156,200,-389.0
3157,101,-152.0
3158,138,-252.0
3159,27,-15.0
3160,135,-231.0
3161,98,-194.0
3162,29,-35.0
3163,49,-46.0
3164,101,-179.0
3165,191,-314.0
3166,108,-195.0
3167,87,-120.0
3168,137,-251.0
3169,196,-319.0
3170,28,-16.0
3171,38,-80.0
3172,200,-425.0
3173,53,-50.0
3174,84,-126.0
3175,200,-452.0
3176,86,-173.0
3177,36,-96.0
3178,200,-434.0
3179,50,-38.0
3180,200,-326.0
3181,60,-93.0
3182,41,-47.0
3183,144,-240.0
3184,200,-353.0
3185,45,-33.0
3186,124,-238.0
3187,103,-181.0
3188,109,-151.0
3189,200,-326.0
3190,200,-398.0
3191,185,-308.0
3192,19,2.0
3193,35,-41.0
3194,97,-175.0
3195,9,12.0
3196,200,-371.0
3197,143,-194.0
3198,119,-134.0
3199,200,-380.0
3200,147,-261.0
3201,19,-16.0
3202,122,-191.0
3203,96,-147.0
3204,197,-356.0
3205,78,-111.0
3206,156,-306.0
3207,200,-353.0
3208,95,-182.0
3209,153,-267.0
3210,169,-283.0
3211,200,-434.0
3212,34,-40.0
3213,200,-443.0
3214,32,-11.0
3215,134,-212.0
3216,49,-46.0
3217,111,-189.0
3218,96,-174.0
3219,194,-371.0
3220,26,-41.0
3221,112,-136.0
3222,14,7.0
3223,124,-184.0
3224,178,-337.0
3225,122,-227.0
3226,29,-17.0
3227,100,-178.0
3228,85,-127.0
3229,200,-407.0
3230,104,-173.0
3231,200,-335.0
3232,24,-12.0
3233,200,-434.0
3234,67,-82.0
3235,123,-228.0
3236,117,-294.0
3237,126,-240.0
3238,145,-241.0
3239,43,-76.0
3240,94,-172.0
3241,25,-4.0
3242,200,-407.0
3243,62,-113.0
3244,146,-251.0
3245,96,-165.0
3246,151,-247.0
3247,46,-70.0
3248,200,-335.0
3249,200,-407.0
3250,70,-103.0
3251,34,-40.0
3252,200,-335.0
3253,200,-443.0
3254,108,-177.0
3255,112,-181.0
3256,73,-97.0
3257,28,-43.0
3258,115,-202.0
3259,200,-353.0
3260,131,-209.0
3261,26,-23.0
3262,117,-159.0
3263,200,-443.0
3264,116,-203.0
3265,90,-159.0
3266,200,-335.0
3267,200,-317.0
3268,59,-65.0
3269,200,-380.0
3270,92,-143.0
3271,23,-38.0
3272,91,-187.0
3273,132,-309.0
3274,31,-55.0
3275,200,-371.0
3276,18,3.0
3277,144,-231.0
3278,73,-97.0
3279,56,-53.0
3280,71,-176.0
3281,125,-176.0
3282,44,-32.0
3283,34,-40.0
3284,71,-113.0
3285,192,-351.0
3286,200,-317.0
3287,129,-207.0
3288,88,-148.0
3289,64,-106.0
3290,200,-344.0
3291,27,-60.0
3292,90,-186.0
3293,57,-54.0
3294,200,-416.0
3295,15,-3.0
3296,185,-353.0
3297,43,-31.0
3298,118,-268.0
3299,69,-93.0
3300,74,-143.0
3301,140,-227.0
3302,109,-196.0
3303,190,-295.0
3304,160,-238.0
3305,79,-130.0
3306,60,-111.0
3307,104,-200.0
3308,164,-296.0
3309,108,-195.0
3310,91,-124.0
3311,78,-93.0
3312,71,-104.0
3313,76,-109.0
3314,170,-275.0
3315,159,-300.0
3316,72,-141.0
3317,56,-80.0
3318,164,-296.0
3319,52,-76.0
3320,126,-213.0
3321,188,-401.0
3322,22,-19.0
3323,158,-317.0
3324,120,-189.0
3325,200,-371.0
3326,97,-121.0
3327,200,-326.0
3328,200,-344.0
3329,83,-116.0
3330,53,-86.0
3331,90,-132.0
3332,16,-4.0
3333,127,-241.0
3334,200,-398.0
3335,110,-134.0
3336,9,3.0
3337,199,-412.0
3338,110,-224.0
3339,119,-215.0
3340,90,-132.0
3341,200,-416.0
3342,33,-48.0
3343,74,-125.0
3344,94,-181.0
3345,166,-298.0
3346,48,-54.0
3347,156,-324.0
3348,130,-181.0
3349,200,-380.0
3350,180,-321.0
3351,79,-139.0
3352,200,-290.0
3353,42,-66.0
3354,200,-371.0
3355,187,-256.0
3356,112,-181.0
3357,112,-154.0
3358,50,-56.0
3359,17,-14.0
3360,77,-110.0
3361,200,-407.0
3362,39,-36.0
3363,172,-313.0
3364,16,5.0
3365,141,-192.0
3366,200,-371.0
3367,154,-286.0
3368,105,-156.0
3369,16,5.0
3370,170,-311.0
3371,31,-37.0
3372,92,-134.0
3373,19,2.0
3374,24,-39.0
3375,27,-15.0
3376,108,-186.0
3377,37,-25.0
3378,87,-111.0
3379,83,-125.0
3380,55,-133.0
3381,76,-100.0
3382,148,-262.0
3383,187,-409.0
3384,42,-48.0
3385,144,-258.0
3386,84,-135.0
3387,25,-31.0
3388,138,-207.0
3389,99,-168.0
3390,116,-176.0
3391,140,-308.0
3392,200,-398.0
3393,109,-151.0
3394,27,-42.0
3395,60,-102.0
3396,81,-96.0
3397,170,-356.0
3398,45,-60.0
3399,145,-295.0
3400,67,-172.0
3401,117,-186.0
3402,200,-344.0
3403,18,-15.0
3404,55,-88.0
3405,200,-326.0
3406,91,-160.0
3407,37,-16.0
3408,30,-27.0
3409,155,-251.0
3410,85,-136.0
3411,200,-326.0
3412,200,-398.0
3413,69,-84.0
3414,159,-246.0
3415,101,-170.0
3416,193,-316.0
3417,200,-371.0
3418,21,-9.0
3419,135,-177.0
3420,200,-398.0
3421,200,-353.0
3422,53,-95.0
3423,43,-31.0
3424,178,-346.0
3425,122,-218.0
3426,200,-416.0
3427,179,-329.0
3428,81,-114.0
3429,33,-12.0
3430,34,-40.0
3431,112,-190.0
3432,74,-89.0
3433,200,-461.0
3434,123,-192.0
3435,157,-244.0
3436,100,-151.0
3437,88,-175.0
3438,22,-19.0
3439,8,-5.0
3440,35,-32.0
3441,43,-49.0
3442,200,-389.0
3443,153,-285.0
3444,75,-99.0
3445,27,-33.0
3446,89,-167.0
3447,200,-353.0
3448,55,-88.0
3449,8,13.0
3450,178,-292.0
3451,200,-407.0
3452,44,-59.0
3453,127,-178.0
3454,47,-71.0
3455,200,-371.0
3456,200,-443.0
3457,39,-45.0
3458,23,-20.0
3459,93,-162.0
3460,195,-336.0
3461,9,12.0
3462,183,-225.0
3463,141,-291.0
3464,31,-28.0
3465,12,0.0
3466,66,-99.0
3467,200,-362.0
3468,113,-164.0
3469,119,-242.0
3470,159,-201.0
3471,116,-221.0
3472,156,-279.0
3473,47,-62.0
3474,137,-233.0
3475,200,-380.0
3476,33,-57.0
3477,98,-185.0
3478,137,-251.0
3479,47,-80.0
3480,24,-3.0
3481,28,-34.0
3482,84,-153.0
3483,94,-163.0
3484,35,-59.0
3485,131,-263.0
3486,78,-84.0
3487,96,-183.0
3488,69,-66.0
3489,150,-291.0
3490,58,-64.0
3491,36,-60.0
3492,200,-353.0
3493,99,-132.0
3494,134,-248.0
3495,170,-320.0
3496,76,-118.0
3497,200,-362.0
3498,105,-129.0
3499,116,-176.0
3500,9,12.0
3501,147,-189.0
3502,28,-34.0
3503,58,-55.0
3504,86,-128.0
3505,66,-81.0
3506,53,-86.0
3507,27,-24.0
3508,25,-31.0
3509,39,-54.0
3510,49,-73.0
3511,43,-85.0
3512,200,-371.0
3513,140,-218.0
3514,58,-91.0
3515,156,-270.0
3516,200,-407.0
3517,29,-26.0
3518,78,-111.0
3519,66,-81.0
3520,200,-344.0
3521,86,-182.0
3522,47,-71.0
3523,200,-326.0
3524,153,-222.0
3525,75,-144.0
3526,34,-31.0
3527,99,-177.0
3528,200,-290.0
3529,83,-179.0
3530,74,-125.0
3531,29,-26.0
3532,25,-13.0
3533,40,-55.0
3534,187,-310.0
3535,48,-54.0
3536,159,-282.0
3537,52,-76.0
3538,200,-389.0
3539,77,-119.0
3540,154,-268.0
3541,154,-286.0
3542,91,-124.0
3543,200,-407.0
3544,39,-54.0
3545,77,-119.0
3546,103,-253.0
3547,192,-342.0
3548,200,-389.0
3549,68,-92.0
3550,43,-40.0
3551,133,-220.0
3552,29,-35.0
3553,200,-344.0
3554,60,-75.0
3555,12,0.0
3556,132,-255.0
3557,179,-266.0
3558,113,-164.0
3559,122,-218.0
3560,53,-104.0
3561,80,-122.0
3562,129,-243.0
3563,85,-118.0
3564,168,-309.0
3565,15,-12.0
3566,51,-75.0
3567,147,-288.0
3568,53,-86.0
3569,32,-20.0
3570,52,-67.0
3571,134,-212.0
3572,14,7.0
3573,46,-43.0
3574,8,13.0
3575,90,-186.0
3576,200,-362.0
3577,79,-112.0
3578,32,-38.0
3579,21,-27.0
3580,62,-86.0
3581,30,-54.0
3582,200,-344.0
3583,108,-186.0
3584,100,-133.0
3585,40,-37.0
3586,48,-117.0
3587,152,-248.0
3588,31,-28.0
3589,112,-181.0
3590,200,-398.0
3591,7,14.0
3592,170,-311.0
3593,90,-159.0
3594,107,-167.0
3595,20,-8.0
3596,9,12.0
3597,46,-34.0
3598,133,-220.0
3599,35,-23.0
3600,86,-110.0
3601,51,-66.0
3602,80,-167.0
3603,68,-92.0
3604,93,-144.0
3605,200,-362.0
3606,77,-146.0
3607,200,-353.0
3608,176,-317.0
3609,14,-11.0
3610,122,-218.0
3611,59,-101.0
3612,27,-42.0
3613,40,-64.0
3614,15,6.0
3615,31,-37.0
3616,80,-140.0
3617,90,-132.0
3618,158,-227.0
3619,27,-15.0
3620,107,-221.0
3621,114,-174.0
3622,186,-336.0
3623,18,-15.0
3624,200,-353.0
3625,41,-38.0
3626,156,-270.0
3627,70,-112.0
3628,200,-362.0
3629,9,3.0
3630,200,-452.0
3631,157,-298.0
3632,54,-96.0
3633,150,-264.0
3634,200,-380.0
3635,111,-171.0
3636,37,-43.0
3637,34,-22.0
3638,92,-161.0
3639,49,-55.0
3640,200,-362.0
3641,111,-243.0
3642,157,-253.0
3643,12,9.0
3644,8,4.0
3645,21,-27.0
3646,133,-292.0
3647,30,-45.0
3648,42,-30.0
3649,64,-106.0
3650,56,-62.0
3651,195,-372.0
3652,128,-233.0
3653,126,-240.0
3654,172,-295.0
3655,99,-168.0
3656,109,-187.0
3657,45,-33.0
3658,42,-48.0
3659,124,-265.0
3660,187,-346.0
3661,59,-74.0
3662,93,-81.0
3663,67,-100.0
3664,146,-260.0
3665,38,-26.0
3666,160,-283.0
3667,16,-22.0
3668,11,1.0
3669,107,-176.0
3670,87,-156.0
3671,161,-266.0
3672,86,-119.0
3673,27,-33.0
3674,30,-36.0
3675,19,-7.0
3676,200,-362.0
3677,11,1.0
3678,200,-443.0
3679,154,-232.0
3680,75,-108.0
3681,140,-254.0
3682,26,-23.0
3683,46,-79.0
3684,24,-21.0
3685,200,-398.0
3686,200,-389.0
3687,133,-238.0
3688,190,-295.0
3689,63,-78.0
3690,28,-25.0
3691,124,-211.0
3692,200,-389.0
3693,200,-416.0
3694,58,-91.0
3695,78,-147.0
3696,200,-389.0
3697,46,-88.0
3698,36,-33.0
3699,195,-327.0
3700,25,-4.0
3701,90,-186.0
3702,79,-157.0
3703,108,-150.0
3704,157,-289.0
3705,101,-170.0
3706,99,-159.0
3707,200,-398.0
3708,25,-13.0
3709,46,-52.0
3710,35,-32.0
3711,86,-119.0
3712,125,-140.0
3713,191,-359.0
3714,135,-231.0
3715,186,-264.0
3716,18,-15.0
3717,149,-308.0
3718,94,-154.0
3719,54,-69.0
3720,76,-127.0
3721,99,-168.0
3722,72,-114.0
3723,197,-275.0
3724,125,-230.0
3725,75,-135.0
3726,46,-52.0
3727,167,-281.0
3728,200,-407.0
3729,39,-63.0
3730,38,-62.0
3731,101,-125.0
3732,20,-26.0
3733,149,-254.0
3734,82,-151.0
3735,140,-227.0
3736,65,-71.0
3737,200,-389.0
3738,144,-231.0
3739,200,-362.0
3740,200,-344.0
3741,74,-125.0
3742,101,-197.0
3743,153,-267.0
3744,97,-157.0
3745,20,-17.0
3746,81,-132.0
3747,109,-187.0
3748,200,-398.0
3749,104,-209.0
3750,200,-362.0
3751,13,8.0
3752,69,-102.0
3753,31,-28.0
3754,99,-195.0
3755,73,-142.0
3756,200,-443.0
3757,200,-344.0
3758,38,-62.0
3759,67,-64.0
3760,19,-7.0
3761,116,-221.0
3762,200,-344.0
3763,111,-171.0
3764,200,-317.0
3765,200,-335.0
3766,168,-282.0
3767,86,-164.0
3768,22,-1.0
3769,19,-16.0
3770,26,-14.0
3771,52,-67.0
3772,36,-51.0
3773,102,-135.0
3774,102,-135.0
3775,13,-1.0
3776,69,-138.0
3777,136,-223.0
3778,126,-204.0
3779,47,-71.0
3780,19,-25.0
3781,119,-233.0
3782,200,-308.0
3783,6,15.0
3784,101,-170.0
3785,54,-60.0
3786,200,-398.0
3787,162,-285.0
3788,8,4.0
3789,136,-250.0
3790,122,-218.0
3791,173,-359.0
3792,70,-112.0
3793,200,-389.0
3794,200,-362.0
3795,46,-61.0
3796,10,11.0
3797,87,-120.0
3798,21,-18.0
3799,34,-49.0
3800,111,-162.0
3801,170,-293.0
3802,184,-352.0
3803,85,-163.0
3804,19,-25.0
3805,105,-192.0
3806,192,-324.0
3807,8,13.0
3808,200,-308.0
3809,51,-48.0
3810,49,-46.0
3811,80,-86.0
3812,143,-230.0
3813,200,-335.0
3814,200,-326.0
3815,142,-220.0
3816,49,-73.0
3817,50,-56.0
3818,71,-113.0
3819,200,-380.0
3820,142,-238.0
3821,88,-112.0
3822,43,-67.0
3823,64,-124.0
3824,200,-389.0
3825,59,-92.0
3826,125,-185.0
3827,164,-296.0
3828,25,-22.0
3829,23,-20.0
3830,61,-76.0
3831,82,-160.0
3832,189,-384.0
3833,185,-317.0
3834,140,-245.0
3835,13,-1.0
3836,76,-118.0
3837,28,-25.0
3838,81,-87.0
3839,23,-11.0
3840,97,-139.0
3841,92,-170.0
3842,24,-57.0
3843,35,-23.0
3844,19,2.0
3845,85,-145.0
3846,179,-410.0
3847,16,-13.0
3848,94,-145.0
3849,40,-37.0
3850,200,-398.0
3851,178,-310.0
3852,200,-344.0
3853,103,-181.0
3854,199,-367.0
3855,60,-102.0
3856,72,-105.0
3857,119,-179.0
3858,91,-133.0
3859,176,-335.0
3860,200,-398.0
3861,107,-149.0
3862,171,-276.0
3863,44,-50.0
3864,130,-280.0
3865,77,-128.0
3866,87,-129.0
3867,13,-10.0
3868,123,-192.0
3869,103,-181.0
3870,200,-371.0
3871,124,-148.0
3872,102,-180.0
3873,20,1.0
3874,23,-11.0
3875,200,-470.0
3876,200,-416.0
3877,72,-105.0
3878,113,-191.0
3879,123,-228.0
3880,155,-260.0
3881,32,-38.0
3882,200,-371.0
3883,114,-228.0
3884,58,-118.0
3885,114,-174.0
3886,188,-356.0
3887,39,-45.0
3888,42,-48.0
3889,160,-292.0
3890,60,-102.0
3891,77,-146.0
3892,37,-34.0
3893,200,-326.0
3894,200,-425.0
3895,25,-13.0
3896,77,-110.0
3897,10,11.0
3898,179,-266.0
3899,116,-149.0
3900,97,-220.0
3901,178,-328.0
3902,59,-92.0
3903,88,-157.0
3904,59,-83.0
3905,87,-165.0
3906,143,-257.0
3907,75,-126.0
3908,123,-192.0
3909,171,-312.0
3910,197,-311.0
3911,200,-371.0
3912,143,-257.0
3913,75,-117.0
3914,98,-167.0
3915,36,-51.0
3916,75,-108.0
3917,21,0.0
3918,67,-109.0
3919,87,-138.0
3920,170,-329.0
3921,87,-147.0
3922,78,-147.0
3923,200,-398.0
3924,143,-275.0
3925,127,-223.0
3926,172,-322.0
3927,188,-311.0
3928,200,-398.0
3929,36,-60.0
3930,97,-148.0
3931,69,-93.0
3932,115,-166.0
3933,21,-18.0
3934,16,-4.0
3935,33,-30.0
3936,35,-50.0
3937,8,13.0
3938,15,-21.0
3939,84,-126.0
3940,44,-32.0
3941,45,-51.0
3942,64,-106.0
3943,37,-52.0
3944,165,-279.0
3945,83,-152.0
3946,200,-362.0
3947,13,-1.0
3948,35,-68.0
3949,36,-42.0
3950,155,-260.0
3951,7,14.0
3952,125,-257.0
3953,29,-26.0
3954,25,-31.0
3955,102,-162.0
3956,80,-122.0
3957,37,-25.0
3958,179,-266.0
3959,199,-331.0
3960,186,-300.0
3961,54,-60.0
3962,109,-214.0
3963,25,-31.0
3964,175,-343.0
3965,67,-82.0
3966,38,-62.0
3967,81,-114.0
3968,70,-112.0
3969,200,-398.0
3970,73,-88.0
3971,162,-294.0
3972,67,-118.0
3973,126,-204.0
3974,184,-370.0
3975,134,-257.0
3976,200,-407.0
3977,105,-165.0
3978,33,-30.0
3979,200,-380.0
3980,146,-233.0
3981,175,-289.0
3982,106,-166.0
3983,19,-7.0
3984,54,-114.0
3985,91,-142.0
3986,55,-79.0
3987,105,-156.0
3988,119,-242.0
3989,13,-10.0
3990,71,-122.0
3991,91,-160.0
3992,9,12.0
3993,178,-364.0
3994,55,-88.0
3995,42,-48.0
3996,6,15.0
3997,71,-131.0
3998,120,-207.0
3999,47,-62.0
4000,101,-188.0
4001,13,8.0
4002,200,-371.0
4003,77,-74.0
4004,151,-283.0
4005,117,-186.0
4006,124,-202.0
4007,62,-104.0
4008,30,-9.0
4009,16,5.0
4010,50,-74.0
4011,6,15.0
4012,103,-136.0
4013,200,-398.0
4014,119,-233.0
4015,200,-461.0
4016,57,-45.0
4017,145,-268.0
4018,28,-43.0
4019,145,-241.0
4020,39,-45.0
4021,13,-10.0
4022,57,-81.0
4023,200,-407.0
4024,70,-94.0
4025,29,-17.0
4026,33,-48.0
4027,101,-188.0
4028,82,-124.0
4029,44,-77.0
4030,66,-99.0
4031,200,-371.0
4032,8,13.0
4033,113,-164.0
4034,60,-93.0
4035,73,-151.0
4036,48,-45.0
4037,72,-123.0
4038,200,-353.0
4039,32,-20.0
4040,144,-204.0
4041,55,-88.0
4042,19,-16.0
4043,17,-5.0
4044,58,-73.0
4045,97,-121.0
4046,65,-71.0
4047,200,-353.0
4048,86,-119.0
4049,15,6.0
4050,176,-326.0
4051,125,-221.0
4052,200,-416.0
4053,91,-178.0
4054,67,-127.0
4055,82,-106.0
4056,12,-9.0
4057,93,-108.0
4058,198,-348.0
4059,134,-275.0
4060,50,-74.0
4061,161,-302.0
4062,137,-269.0
4063,12,9.0
4064,21,-18.0
4065,104,-191.0
4066,8,13.0
4067,96,-192.0
4068,158,-236.0
4069,110,-188.0
4070,94,-127.0
4071,41,-65.0
4072,61,-103.0
4073,104,-155.0
4074,200,-425.0
4075,52,-58.0
4076,10,11.0
4077,9,12.0
4078,150,-219.0
4079,47,-53.0
4080,74,-116.0
4081,11,-8.0
4082,28,-25.0
4083,175,-289.0
4084,156,-243.0
4085,19,2.0
4086,167,-308.0
4087,200,-341.0
4088,111,-180.0
4089,120,-252.0
4090,172,-304.0
4091,199,-322.0
4092,200,-380.0
4093,116,-203.0
4094,55,-70.0
4095,62,-86.0
4096,31,-37.0
4097,7,14.0
4098,82,-151.0
4099,65,-98.0
4100,74,-80.0
4101,90,-105.0
4102,70,-121.0
4103,85,-154.0
4104,42,-57.0
4105,133,-202.0
4106,177,-345.0
4107,168,-327.0
4108,142,-292.0
4109,96,-147.0
4110,155,-260.0
4111,87,-147.0
4112,92,-125.0
4113,41,-47.0
4114,107,-185.0
4115,113,-128.0
4116,18,-6.0
4117,25,-58.0
4118,169,-364.0
4119,171,-312.0
4120,24,-12.0
4121,81,-141.0
4122,200,-398.0
4123,11,1.0
4124,192,-342.0
4125,83,-152.0
4126,200,-353.0
4127,37,-34.0
4128,8,4.0
4129,200,-344.0
4130,124,-283.0
4131,147,-225.0
4132,29,-26.0
4133,46,-106.0
4134,76,-127.0
4135,22,-10.0
4136,58,-91.0
4137,111,-198.0
4138,56,-62.0
4139,45,-51.0
4140,30,-36.0
4141,200,-344.0
4142,75,-144.0
4143,127,-169.0
4144,109,-160.0
4145,177,-327.0
4146,27,-15.0
4147,182,-341.0
4148,200,-317.0
4149,28,-25.0
4150,200,-506.0
4151,127,-205.0
4152,75,-90.0
4153,148,-289.0
4154,17,-5.0
4155,27,-15.0
4156,64,-133.0
4157,30,-18.0
4158,92,-197.0
4159,109,-160.0
4160,124,-220.0
4161,139,-190.0
4162,139,-217.0
4163,120,-225.0
4164,174,-342.0
4165,34,-49.0
4166,12,9.0
4167,10,-7.0
4168,120,-207.0
4169,28,-43.0
4170,117,-249.0
4171,73,-133.0
4172,59,-110.0
4173,84,-144.0
4174,124,-229.0
4175,200,-452.0
4176,123,-210.0
4177,43,-31.0
4178,136,-241.0
4179,61,-139.0
4180,23,-29.0
4181,151,-283.0
4182,178,-364.0
4183,114,-228.0
4184,84,-144.0
4185,192,-369.0
4186,13,-1.0
4187,79,-175.0
4188,26,-50.0
4189,19,-16.0
4190,129,-216.0
4191,13,-1.0
4192,22,-19.0
4193,74,-134.0
4194,200,-326.0
4195,14,-2.0
4196,46,-52.0
4197,74,-161.0
4198,149,-299.0
4199,187,-247.0
4200,200,-416.0
4201,85,-181.0
4202,200,-317.0
4203,20,-17.0
4204,186,-291.0
4205,129,-261.0
4206,48,-63.0
4207,9,12.0
4208,77,-128.0
4209,99,-150.0
4210,48,-54.0
4211,181,-331.0
4212,26,-14.0
4213,97,-148.0
4214,61,-121.0
4215,170,-257.0
4216,38,-44.0
4217,200,-350.0
4218,21,-9.0
4219,50,-83.0
4220,47,-80.0
4221,200,-434.0
4222,20,1.0
4223,25,-40.0
4224,167,-308.0
4225,96,-138.0
4226,30,-27.0
4227,45,-60.0
4228,175,-307.0
4229,135,-231.0
4230,86,-164.0
4231,195,-300.0
4232,72,-114.0
4233,99,-141.0
4234,200,-380.0
4235,12,9.0
4236,74,-80.0
4237,200,-371.0
4238,113,-146.0
4239,134,-311.0
4240,70,-85.0
4241,126,-222.0
4242,200,-398.0
4243,72,-114.0
4244,103,-172.0
4245,200,-416.0
4246,146,-296.0
4247,94,-154.0
4248,77,-119.0
4249,149,-245.0
4250,103,-145.0
4251,26,-23.0
4252,200,-362.0
4253,92,-125.0
4254,10,2.0
4255,200,-425.0
4256,123,-237.0
4257,200,-407.0
4258,90,-177.0
4259,43,-76.0
4260,18,-6.0
4261,140,-290.0
4262,73,-133.0
4263,84,-135.0
4264,93,-144.0
4265,18,-6.0
4266,11,1.0
4267,41,-56.0
4268,20,-8.0
4269,88,-112.0
4270,175,-289.0
4271,127,-241.0
4272,189,-276.0
4273,120,-261.0
4274,81,-132.0
4275,98,-167.0
4276,38,-53.0
4277,114,-219.0
4278,131,-254.0
4279,38,-44.0
4280,79,-121.0
4281,158,-317.0
4282,63,-105.0
4283,13,8.0
4284,95,-128.0
4285,21,-18.0
4286,32,-20.0
4287,100,-115.0
4288,139,-208.0
4289,106,-166.0
4290,12,-18.0
4291,17,-5.0
4292,83,-134.0
4293,16,-13.0
4294,11,-17.0
4295,59,-110.0
4296,12,9.0
4297,200,-371.0
4298,156,-270.0
4299,37,-25.0
4300,81,-132.0
4301,13,-19.0
4302,108,-177.0
4303,200,-362.0
4304,198,-321.0
4305,31,-28.0
4306,33,-30.0
4307,156,-333.0
4308,200,-371.0
4309,113,-164.0
4310,81,-177.0
4311,45,-60.0
4312,28,-43.0
4313,56,-80.0
4314,87,-120.0
4315,20,-35.0
4316,44,-68.0
4317,50,-101.0
4318,13,-10.0
4319,96,-183.0
4320,21,-9.0
4321,200,-398.0
4322,15,-30.0
4323,122,-227.0
4324,23,-20.0
4325,47,-62.0
4326,51,-75.0
4327,88,-121.0
4328,25,-13.0
4329,67,-91.0
4330,23,-11.0
4331,129,-279.0
4332,130,-190.0
4333,123,-228.0
4334,20,-8.0
4335,12,9.0
4336,49,-82.0
4337,24,-21.0
4338,35,-41.0
4339,20,-8.0
4340,121,-217.0
4341,96,-120.0
4342,13,-1.0
4343,19,-16.0
4344,139,-217.0
4345,40,-37.0
4346,7,14.0
4347,110,-152.0
4348,21,-9.0
4349,69,-111.0
4350,63,-78.0
4351,164,-305.0
4352,44,-50.0
4353,60,-93.0
4354,200,-353.0
4355,110,-188.0
4356,12,9.0
4357,112,-172.0
4358,64,-61.0
4359,49,-136.0
4360,138,-270.0
4361,111,-243.0
4362,93,-153.0
4363,31,-28.0
4364,39,-27.0
4365,152,-257.0
4366,120,-216.0
4367,15,6.0
4368,40,-37.0
4369,28,-7.0
4370,26,-32.0
4371,66,-108.0
4372,200,-443.0
4373,128,-242.0
4374,30,-27.0
4375,200,-371.0
4376,83,-125.0
4377,49,-91.0
4378,73,-115.0
4379,87,-120.0
4380,86,-119.0
4381,100,-151.0
4382,67,-91.0
4383,50,-74.0
4384,21,-18.0
4385,53,-86.0
4386,200,-398.0
4387,43,-31.0
4388,164,-260.0
4389,35,-32.0
4390,199,-385.0
4391,176,-254.0
4392,188,-329.0
4393,41,-47.0
4394,14,-20.0
4395,84,-126.0
4396,70,-103.0
4397,168,-354.0
4398,18,3.0
4399,54,-87.0
4400,102,-180.0
4401,17,-14.0
4402,108,-132.0
4403,147,-207.0
4404,190,-331.0
4405,100,-133.0
4406,200,-371.0
4407,110,-188.0
4408,114,-138.0
4409,63,-87.0
4410,13,-10.0
4411,181,-367.0
4412,40,-73.0
4413,143,-320.0
4414,62,-140.0
4415,155,-287.0
4416,79,-148.0
4417,140,-218.0
4418,70,-103.0
4419,18,-15.0
4420,36,-33.0
4421,92,-197.0
4422,18,-15.0
4423,18,3.0
4424,125,-266.0
4425,17,-5.0
4426,40,-73.0
4427,67,-82.0
4428,14,7.0
4429,52,-67.0
4430,183,-315.0
4431,32,-38.0
4432,47,-26.0
4433,19,-7.0
4434,70,-130.0
4435,81,-78.0
4436,120,-216.0
4437,182,-323.0
4438,31,-10.0
4439,72,-105.0
4440,137,-242.0
4441,58,-82.0
4442,10,-16.0
4443,161,-293.0
4444,74,-107.0
4445,158,-254.0
4446,95,-164.0
4447,129,-261.0
4448,57,-63.0
4449,24,-12.0
4450,66,-90.0
4451,93,-153.0
4452,200,-389.0
4453,102,-162.0
4454,12,9.0
4455,129,-216.0
4456,50,-74.0
4457,25,-31.0
4458,93,-117.0
4459,92,-161.0
4460,77,-83.0
4461,200,-335.0
4462,61,-85.0
4463,103,-109.0
4464,57,-81.0
4465,167,-308.0
4466,13,-10.0
4467,90,-123.0
4468,125,-203.0
4469,59,-92.0
4470,28,-34.0
4471,7,5.0
4472,37,-16.0
4473,173,-314.0
4474,149,-290.0
4475,63,-105.0
4476,132,-219.0
4477,48,-81.0
4478,80,-113.0
4479,68,-83.0
4480,80,-131.0
4481,68,-128.0
4482,41,-65.0
4483,103,-136.0
4484,200,-290.0
4485,12,9.0
4486,59,-110.0
4487,62,-77.0
4488,59,-110.0
4489,16,-13.0
4490,19,-7.0
4491,58,-73.0
4492,106,-157.0
4493,46,-70.0
4494,18,-6.0
4495,40,-73.0
4496,173,-305.0
4497,80,-158.0
4498,77,-101.0
4499,37,-88.0
4500,49,-64.0
4501,149,-227.0
4502,12,0.0
4503,8,13.0
4504,140,-236.0
4505,54,-105.0
4506,73,-115.0
4507,200,-434.0
4508,101,-161.0
4509,198,-357.0
4510,200,-362.0
4511,173,-332.0
4512,200,-416.0
4513,10,2.0
4514,41,-74.0
4515,10,11.0
4516,56,-125.0
4517,71,-95.0
4518,69,-120.0
4519,82,-115.0
4520,97,-184.0
4521,24,-30.0
4522,69,-93.0
4523,200,-371.0
4524,107,-212.0
4525,35,-23.0
4526,200,-362.0
4527,42,-84.0
4528,143,-275.0
4529,93,-162.0
4530,41,-38.0
4531,49,-73.0
4532,121,-190.0
4533,200,-389.0
4534,56,-71.0
4535,34,-31.0
4536,159,-201.0
4537,24,-12.0
4538,43,-85.0
4539,200,-416.0
4540,44,-50.0
4541,21,-18.0
4542,17,-5.0
4543,103,-145.0
4544,14,7.0
4545,192,-369.0
4546,30,-9.0
4547,92,-134.0
4548,14,-2.0
4549,39,-36.0
4550,173,-332.0
4551,8,13.0
4552,165,-252.0
4553,78,-102.0
4554,14,7.0
4555,82,-142.0
4556,72,-96.0
4557,20,-8.0
4558,33,-30.0
4559,24,-30.0
4560,59,-65.0
4561,48,-54.0
4562,43,-49.0
4563,71,-140.0
4564,180,-348.0
4565,168,-336.0
4566,73,-142.0
4567,164,-260.0
4568,81,-123.0
4569,59,-92.0
4570,137,-197.0
4571,75,-135.0
4572,74,-89.0
4573,200,-425.0
4574,160,-310.0
4575,120,-162.0
4576,195,-381.0
4577,64,-88.0
4578,27,-33.0
4579,81,-132.0
4580,170,-248.0
4581,61,-76.0
4582,63,-78.0
4583,84,-117.0
4584,134,-230.0
4585,60,-75.0
4586,38,-35.0
4587,77,-119.0
4588,69,-120.0
4589,12,-18.0
4590,55,-70.0
4591,139,-217.0
4592,161,-302.0
4593,93,-144.0
4594,67,-127.0
4595,69,-138.0
4596,88,-148.0
4597,200,-380.0
4598,25,-22.0
4599,54,-60.0
4600,87,-156.0
4601,200,-362.0
4602,33,-39.0
4603,8,4.0
4604,57,-81.0
4605,42,-102.0
4606,200,-326.0
4607,200,-380.0
4608,94,-199.0
4609,37,-43.0
4610,175,-361.0
4611,168,-354.0
4612,196,-427.0
4613,9,12.0
4614,23,-29.0
4615,117,-222.0
4616,200,-416.0
4617,14,-20.0
4618,49,-64.0
4619,106,-247.0
4620,53,-68.0
4621,65,-107.0
4622,200,-398.0
4623,53,-68.0
4624,60,-75.0
4625,54,-123.0
4626,95,-146.0
4627,200,-362.0
4628,143,-248.0
4629,59,-83.0
4630,13,-19.0
4631,15,-12.0
4632,57,-99.0
4633,57,-63.0
4634,34,-76.0
4635,88,-130.0
4636,51,-57.0
4637,93,-189.0
4638,121,-253.0
4639,195,-372.0
4640,97,-139.0
4641,103,-136.0
4642,41,-65.0
4643,8,13.0
4644,23,-11.0
4645,40,-28.0
4646,79,-148.0
4647,58,-64.0
4648,62,-122.0
4649,200,-335.0
4650,89,-131.0
4651,101,-125.0
4652,37,-34.0
4653,16,5.0
4654,70,-112.0
4655,191,-323.0
4656,188,-329.0
4657,37,-43.0
4658,18,-15.0
4659,138,-252.0
4660,136,-196.0
4661,101,-206.0
4662,87,-156.0
4663,74,-152.0
4664,34,-31.0
4665,132,-192.0
4666,19,-7.0
4667,41,-56.0
4668,36,-60.0
4669,110,-161.0
4670,129,-243.0
4671,200,-344.0
4672,137,-233.0
4673,113,-164.0
4674,17,-14.0
4675,101,-116.0
4676,115,-211.0
4677,7,5.0
4678,69,-129.0
4679,200,-380.0
4680,111,-252.0
4681,12,9.0
4682,19,-7.0
4683,26,-41.0
4684,172,-295.0
4685,11,-8.0
4686,77,-110.0
4687,48,-117.0
4688,21,-18.0
4689,34,-31.0
4690,115,-211.0
4691,112,-172.0
4692,37,-43.0
4693,96,-147.0
4694,101,-179.0
4695,126,-204.0
4696,49,-64.0
4697,14,7.0
4698,132,-210.0
4699,92,-134.0
4700,63,-114.0
4701,200,-398.0
4702,48,-90.0
4703,26,-23.0
4704,195,-372.0
4705,22,-19.0
4706,19,-16.0
4707,125,-293.0
4708,59,-83.0
4709,113,-173.0
4710,123,-192.0
4711,200,-317.0
4712,200,-398.0
4713,24,-30.0
4714,23,-20.0
4715,24,-30.0
4716,15,6.0
4717,200,-434.0
4718,200,-434.0
4719,83,-116.0
4720,72,-105.0
4721,21,-18.0
4722,22,-1.0
4723,110,-224.0
4724,157,-253.0
4725,63,-141.0
4726,24,-66.0
4727,116,-203.0
4728,60,-93.0
4729,14,-11.0
4730,20,-17.0
4731,18,-6.0
4732,56,-71.0
4733,16,-13.0
4734,64,-97.0
4735,79,-112.0
4736,20,-26.0
4737,55,-79.0
4738,72,-78.0
4739,53,-68.0
4740,22,-19.0
4741,164,-323.0
4742,141,-246.0
4743,109,-232.0
4744,138,-243.0
4745,64,-106.0
4746,95,-137.0
4747,17,-14.0
4748,83,-98.0
4749,59,-74.0
4750,7,14.0
4751,172,-304.0
4752,163,-241.0
4753,19,2.0
4754,169,-301.0
4755,129,-252.0
4756,71,-122.0
4757,24,-30.0
4758,112,-172.0
4759,22,-10.0
4760,19,-25.0
4761,19,2.0
4762,177,-282.0
4763,37,-97.0
4764,78,-129.0
4765,128,-305.0
4766,98,-140.0
4767,200,-407.0
4768,88,-139.0
4769,82,-97.0
4770,85,-118.0
4771,45,-60.0
4772,49,-64.0
4773,200,-353.0
4774,51,-57.0
4775,28,-43.0
4776,130,-172.0
4777,16,-4.0
4778,26,-5.0
4779,54,-42.0
4780,17,-14.0
4781,124,-229.0
4782,92,-197.0
4783,40,-55.0
4784,12,0.0
4785,52,-67.0
4786,89,-167.0
4787,47,-44.0
4788,12,0.0
4789,22,-28.0
4790,117,-195.0
4791,33,-21.0
4792,15,-12.0
4793,107,-176.0
4794,9,12.0
4795,122,-182.0
4796,54,-87.0
4797,113,-191.0
4798,101,-215.0
4799,132,-300.0
4800,95,-173.0
4801,18,-6.0
4802,111,-198.0
4803,132,-165.0
4804,95,-155.0
4805,42,-39.0
4806,81,-123.0
4807,42,-102.0
4808,84,-144.0
4809,115,-166.0
4810,10,11.0
4811,26,-23.0
4812,32,-29.0
4813,31,-28.0
4814,67,-91.0
4815,51,-75.0
4816,134,-212.0
4817,36,-51.0
4818,23,-20.0
4819,27,-24.0
4820,82,-124.0
4821,36,-78.0
4822,107,-221.0
4823,20,-17.0
4824,14,7.0
4825,67,-91.0
4826,70,-130.0
4827,16,-13.0
4828,150,-237.0
4829,15,6.0
4830,110,-170.0
4831,119,-215.0
4832,162,-330.0
4833,59,-92.0
4834,149,-263.0
4835,46,-52.0
4836,14,-11.0
4837,152,-239.0
4838,143,-230.0
4839,35,-23.0
4840,13,-1.0
4841,10,11.0
4842,200,-425.0
4843,90,-141.0
4844,68,-56.0
4845,20,-26.0
4846,57,-99.0
4847,82,-169.0
4848,41,-38.0
4849,155,-269.0
4850,16,-22.0
4851,92,-224.0
4852,10,-7.0
4853,48,-45.0
4854,100,-151.0
4855,37,-61.0
4856,26,-59.0
4857,28,-34.0
4858,109,-205.0
4859,63,-87.0
4860,63,-114.0
4861,101,-170.0
4862,163,-286.0
4863,45,-78.0
4864,33,-48.0
4865,38,-35.0
4866,26,-32.0
4867,31,-19.0
4868,67,-82.0
4869,135,-267.0
4870,200,-407.0
4871,72,-105.0
4872,48,-54.0
4873,43,-76.0
4874,52,-40.0
4875,200,-407.0
4876,12,-9.0
4877,100,-124.0
4878,175,-262.0
4879,40,-46.0
4880,131,-209.0
4881,141,-237.0
4882,64,-88.0
4883,177,-264.0
4884,109,-160.0
4885,169,-265.0
4886,14,-2.0
4887,22,-28.0
4888,112,-154.0
4889,30,-9.0
4890,177,-327.0
4891,147,-306.0
4892,15,-3.0
4893,200,-353.0
4894,199,-376.0
4895,16,-22.0
4896,12,9.0
4897,31,-37.0
4898,9,12.0
4899,71,-59.0
4900,53,-77.0
4901,93,-144.0
4902,58,-118.0
4903,149,-272.0
4904,200,-452.0
4905,94,-145.0
4906,15,-3.0
4907,114,-255.0
4908,186,-336.0
4909,93,-126.0
4910,125,-167.0
4911,65,-89.0
4912,53,-59.0
4913,79,-157.0
4914,90,-177.0
4915,13,-19.0
4916,158,-245.0
4917,172,-268.0
4918,87,-129.0
4919,73,-97.0
4920,20,-17.0
4921,17,4.0
4922,82,-160.0
4923,15,-3.0
4924,57,-99.0
4925,148,-262.0
4926,10,11.0
4927,85,-118.0
4928,85,-136.0
4929,138,-198.0
4930,110,-152.0
4931,71,-131.0
4932,187,-373.0
4933,72,-96.0
4934,127,-187.0
4935,169,-256.0
4936,117,-159.0
4937,98,-185.0
4938,143,-311.0
4939,45,-69.0
4940,21,-18.0
4941,61,-85.0
4942,58,-91.0
4943,146,-278.0
4944,29,-17.0
4945,69,-120.0
4946,57,-63.0
4947,116,-140.0
4948,100,-160.0
4949,14,-11.0
4950,27,-15.0
4951,128,-251.0
4952,123,-210.0
4953,85,-100.0
4954,58,-118.0
4955,31,-28.0
4956,27,-15.0
4957,37,-52.0
4958,17,4.0
4959,135,-294.0
4960,70,-85.0
4961,172,-340.0
4962,27,-33.0
4963,32,-38.0
4964,26,-14.0
4965,77,-119.0
4966,98,-167.0
4967,17,-5.0
4968,10,11.0
4969,200,-335.0
4970,116,-185.0
4971,24,-21.0
4972,46,-97.0
4973,14,7.0
4974,41,-74.0
4975,200,-461.0
4976,158,-299.0
4977,41,-38.0
4978,32,-29.0
4979,26,-32.0
4980,171,-285.0
4981,73,-142.0
4982,200,-425.0
4983,30,-45.0
4984,34,-58.0
4985,114,-165.0
4986,19,-7.0
4987,26,-23.0
4988,77,-92.0
4989,85,-100.0
4990,46,-70.0
4991,50,-65.0
4992,38,-53.0
4993,60,-66.0
4994,37,-52.0
4995,93,-162.0
4996,87,-120.0
4997,138,-216.0
4998,41,-83.0
4999,32,-20.0
5000,33,-57.0
